order_id,customer_id,location_id,location_type,building_name,latitude,longitude,product_type,product_category,weight_kg,volume_litre,fragile,temperature_requirement,incompatible_group,pickup_ready_time,order_created_time,promised_start_time,promised_deadline,priority,service_time_minutes,status
ORD00001,CUST00186,LOC0004,Gated Apartment,Apt-004,13.052803,80.251913,Normal-Item-27,Normal,4.34,8.97,False,Ambient,,2025-01-06 11:27:00,2025-01-06 11:05:00,2025-01-06 11:43:00,2025-01-06 14:33:00,HIGH,6.17,PENDING
ORD00002,CUST00182,LOC0018,Gated Apartment,Apt-018,12.995963,80.277122,Normal-Item-23,Normal,2.91,2.64,False,Ambient,,2025-01-06 09:25:00,2025-01-06 09:06:00,2025-01-06 09:36:00,2025-01-06 13:21:00,LOW,2.88,PENDING
ORD00003,CUST00335,LOC0030,Office Complex,Office-030,13.050772,80.263998,Frozen-Item-38,Frozen,5.84,7.58,False,Frozen,,2025-01-06 11:07:00,2025-01-06 10:43:00,2025-01-06 11:14:00,2025-01-06 14:13:00,NORMAL,3.97,PENDING
ORD00004,CUST00236,LOC0034,Gated Apartment,Apt-034,13.02315,80.243112,Hot Food-Item-35,Hot Food,1.47,5.02,False,Hot,,2025-01-06 10:37:00,2025-01-06 10:32:00,2025-01-06 10:53:00,2025-01-06 12:01:00,URGENT,4.99,PENDING
ORD00005,CUST00152,LOC0021,Office Complex,Office-021,13.05795,80.287355,Normal-Item-14,Normal,0.84,8.68,False,Ambient,,2025-01-06 10:20:00,2025-01-06 10:16:00,2025-01-06 10:36:00,2025-01-06 14:07:00,NORMAL,2.14,PENDING
ORD00006,CUST00161,LOC0017,Gated Apartment,Apt-017,13.039695,80.265663,Hot Food-Item-9,Hot Food,1.08,3.41,False,Hot,,2025-01-06 11:50:00,2025-01-06 11:40:00,2025-01-06 12:09:00,2025-01-06 15:22:00,NORMAL,5.66,PENDING
ORD00007,CUST00315,LOC0031,Gated Apartment,Apt-031,13.05616,80.240665,Fragile-Item-17,Fragile,1.06,12.52,True,Ambient,,2025-01-06 11:08:00,2025-01-06 10:53:00,2025-01-06 11:23:00,2025-01-06 14:38:00,NORMAL,3.63,PENDING
ORD00008,CUST00352,LOC0039,Gated Apartment,Apt-039,13.010682,80.275846,Hot Food-Item-10,Hot Food,2.25,4.86,False,Hot,,2025-01-06 09:26:00,2025-01-06 09:03:00,2025-01-06 09:32:00,2025-01-06 11:25:00,NORMAL,4.05,PENDING
ORD00009,CUST00021,LOC0022,Office Complex,Office-022,13.022408,80.267324,Hot Food-Item-34,Hot Food,2.4,8.04,False,Hot,,2025-01-06 08:47:00,2025-01-06 08:42:00,2025-01-06 09:00:00,2025-01-06 12:30:00,HIGH,4.22,PENDING
ORD00010,CUST00033,LOC0005,Gated Apartment,Apt-005,12.999674,80.304974,Fragile-Item-5,Fragile,1.1,18.88,True,Ambient,,2025-01-06 12:15:00,2025-01-06 11:57:00,2025-01-06 12:22:00,2025-01-06 16:16:00,HIGH,5.52,PENDING
ORD00011,CUST00448,LOC0018,Gated Apartment,Apt-018,12.995122,80.275869,Fragile-Item-33,Fragile,2.16,9.0,True,Ambient,,2025-01-06 12:02:00,2025-01-06 11:45:00,2025-01-06 12:14:00,2025-01-06 13:55:00,HIGH,2.63,PENDING
ORD00012,CUST00230,LOC0027,Gated Apartment,Apt-027,13.031463,80.27648,Normal-Item-40,Normal,3.4,9.27,False,Ambient,,2025-01-06 09:21:00,2025-01-06 09:16:00,2025-01-06 09:28:00,2025-01-06 12:25:00,HIGH,5.73,PENDING
ORD00013,CUST00374,LOC0026,Office Complex,Office-026,13.007446,80.275529,Fragile-Item-24,Fragile,1.4,19.04,True,Ambient,,2025-01-06 09:25:00,2025-01-06 09:09:00,2025-01-06 09:30:00,2025-01-06 11:22:00,LOW,6.01,PENDING
ORD00014,CUST00184,LOC0013,Gated Apartment,Apt-013,13.047284,80.298156,Frozen-Item-30,Frozen,4.31,8.11,False,Frozen,,2025-01-06 11:18:00,2025-01-06 10:56:00,2025-01-06 11:23:00,2025-01-06 13:20:00,NORMAL,2.69,PENDING
ORD00015,CUST00347,LOC0040,Gated Apartment,Apt-040,13.050083,80.298939,Chemical-Item-5,Chemical,4.51,3.44,True,Ambient,,2025-01-06 11:15:00,2025-01-06 11:06:00,2025-01-06 11:21:00,2025-01-06 15:10:00,HIGH,4.62,PENDING
ORD00016,CUST00298,LOC0030,Office Complex,Office-030,13.05158,80.263021,Normal-Item-28,Normal,0.88,11.28,False,Ambient,,2025-01-06 12:03:00,2025-01-06 11:53:00,2025-01-06 12:15:00,2025-01-06 14:35:00,LOW,2.11,PENDING
ORD00017,CUST00414,LOC0029,Gated Apartment,Apt-029,13.002598,80.222984,Normal-Item-38,Normal,4.84,7.96,False,Ambient,,2025-01-06 08:47:00,2025-01-06 08:33:00,2025-01-06 08:59:00,2025-01-06 10:07:00,HIGH,5.59,PENDING
ORD00018,CUST00420,LOC0025,Office Complex,Office-025,13.061798,80.282769,Hot Food-Item-41,Hot Food,2.01,5.89,False,Hot,,2025-01-06 11:55:00,2025-01-06 11:42:00,2025-01-06 12:07:00,2025-01-06 14:21:00,NORMAL,5.36,PENDING
ORD00019,CUST00011,LOC0020,Office Complex,Office-020,13.046989,80.23112,Normal-Item-22,Normal,4.18,5.1,False,Ambient,,2025-01-06 10:40:00,2025-01-06 10:22:00,2025-01-06 10:47:00,2025-01-06 12:03:00,NORMAL,2.25,PENDING
ORD00020,CUST00114,LOC0024,Office Complex,Office-024,13.071325,80.296731,Heavy-Item-13,Heavy,9.54,21.36,False,Ambient,,2025-01-06 11:22:00,2025-01-06 10:56:00,2025-01-06 11:34:00,2025-01-06 12:24:00,URGENT,3.07,PENDING
ORD00021,CUST00421,LOC0012,Office Complex,Office-012,13.072743,80.220453,Normal-Item-29,Normal,2.76,3.02,False,Ambient,,2025-01-06 09:38:00,2025-01-06 08:11:00,2025-01-06 09:56:00,2025-01-06 11:06:00,URGENT,6.06,PENDING
ORD00022,CUST00217,LOC0032,Gated Apartment,Apt-032,13.077273,80.261889,Heavy-Item-24,Heavy,13.01,17.69,False,Ambient,,2025-01-06 09:33:00,2025-01-06 09:17:00,2025-01-06 09:48:00,2025-01-06 12:57:00,NORMAL,2.63,PENDING
ORD00023,CUST00268,LOC0014,Gated Apartment,Apt-014,13.064312,80.286982,Normal-Item-28,Normal,1.84,5.79,False,Ambient,,2025-01-06 09:52:00,2025-01-06 09:28:00,2025-01-06 10:11:00,2025-01-06 12:55:00,NORMAL,5.82,PENDING
ORD00024,CUST00262,LOC0022,Office Complex,Office-022,13.021867,80.266406,Heavy-Item-46,Heavy,8.59,29.7,False,Ambient,,2025-01-06 10:44:00,2025-01-06 10:23:00,2025-01-06 10:58:00,2025-01-06 12:51:00,NORMAL,2.38,PENDING
ORD00025,CUST00086,LOC0007,Office Complex,Office-007,13.058868,80.257373,Fragile-Item-34,Fragile,3.24,16.93,True,Ambient,,2025-01-06 11:16:00,2025-01-06 11:12:00,2025-01-06 11:24:00,2025-01-06 13:27:00,HIGH,4.54,PENDING
ORD00026,CUST00460,LOC0021,Office Complex,Office-021,13.058716,80.287481,Frozen-Item-38,Frozen,5.0,9.41,False,Frozen,,2025-01-06 10:55:00,2025-01-06 08:33:00,2025-01-06 11:10:00,2025-01-06 11:57:00,URGENT,4.96,PENDING
ORD00027,CUST00365,LOC0030,Office Complex,Office-030,13.051596,80.264178,Frozen-Item-7,Frozen,2.35,8.01,False,Frozen,,2025-01-06 12:03:00,2025-01-06 11:35:00,2025-01-06 12:10:00,2025-01-06 14:07:00,NORMAL,4.49,PENDING
ORD00028,CUST00216,LOC0016,Gated Apartment,Apt-016,13.009491,80.297596,Chemical-Item-15,Chemical,6.02,11.51,False,Ambient,,2025-01-06 09:30:00,2025-01-06 09:05:00,2025-01-06 09:35:00,2025-01-06 10:55:00,NORMAL,4.04,PENDING
ORD00029,CUST00333,LOC0001,Office Complex,Office-001,13.060112,80.263853,Hot Food-Item-43,Hot Food,2.45,3.77,False,Hot,,2025-01-06 09:33:00,2025-01-06 09:12:00,2025-01-06 09:42:00,2025-01-06 11:25:00,HIGH,4.93,PENDING
ORD00030,CUST00410,LOC0002,Gated Apartment,Apt-002,13.028721,80.302379,Normal-Item-30,Normal,0.97,9.77,False,Ambient,,2025-01-06 08:30:00,2025-01-06 08:03:00,2025-01-06 08:35:00,2025-01-06 09:20:00,URGENT,2.23,PENDING
ORD00031,CUST00101,LOC0012,Office Complex,Office-012,13.07335,80.221548,Normal-Item-27,Normal,4.06,11.28,False,Ambient,,2025-01-06 11:47:00,2025-01-06 11:23:00,2025-01-06 12:04:00,2025-01-06 13:02:00,URGENT,2.56,PENDING
ORD00032,CUST00110,LOC0026,Office Complex,Office-026,13.006419,80.275915,Hot Food-Item-44,Hot Food,0.89,8.14,False,Hot,,2025-01-06 08:12:00,2025-01-06 08:03:00,2025-01-06 08:24:00,2025-01-06 10:11:00,NORMAL,2.19,PENDING
ORD00033,CUST00289,LOC0015,Gated Apartment,Apt-015,13.029708,80.291185,Normal-Item-8,Normal,4.91,6.59,False,Ambient,,2025-01-06 08:48:00,2025-01-06 08:22:00,2025-01-06 09:01:00,2025-01-06 11:39:00,LOW,5.15,PENDING
ORD00034,CUST00485,LOC0006,Gated Apartment,Apt-006,13.077306,80.299523,Fragile-Item-21,Fragile,1.91,12.11,True,Ambient,,2025-01-06 09:28:00,2025-01-06 08:31:00,2025-01-06 09:42:00,2025-01-06 12:21:00,NORMAL,4.86,PENDING
ORD00035,CUST00326,LOC0038,Office Complex,Office-038,13.03261,80.28683,Normal-Item-10,Normal,0.47,6.18,False,Ambient,,2025-01-06 10:25:00,2025-01-06 10:21:00,2025-01-06 10:38:00,2025-01-06 13:40:00,NORMAL,3.42,PENDING
ORD00036,CUST00192,LOC0018,Gated Apartment,Apt-018,12.996111,80.277273,Heavy-Item-25,Heavy,9.25,25.25,False,Ambient,,2025-01-06 10:39:00,2025-01-06 10:13:00,2025-01-06 10:48:00,2025-01-06 14:19:00,NORMAL,5.77,PENDING
ORD00037,CUST00413,LOC0035,Gated Apartment,Apt-035,13.033078,80.226367,Normal-Item-12,Normal,1.62,5.34,False,Ambient,,2025-01-06 11:25:00,2025-01-06 11:22:00,2025-01-06 11:41:00,2025-01-06 12:39:00,URGENT,5.85,PENDING
ORD00038,CUST00337,LOC0025,Office Complex,Office-025,13.060261,80.283873,Normal-Item-11,Normal,2.02,11.58,False,Ambient,,2025-01-06 10:10:00,2025-01-06 09:47:00,2025-01-06 10:26:00,2025-01-06 13:00:00,NORMAL,2.05,PENDING
ORD00039,CUST00377,LOC0029,Gated Apartment,Apt-029,13.004825,80.222865,Hot Food-Item-16,Hot Food,2.97,6.89,False,Hot,,2025-01-06 08:59:00,2025-01-06 08:39:00,2025-01-06 09:06:00,2025-01-06 10:31:00,NORMAL,3.95,PENDING
ORD00040,CUST00278,LOC0008,Gated Apartment,Apt-008,13.060594,80.248737,Hot Food-Item-32,Hot Food,0.61,4.63,False,Hot,,2025-01-06 09:01:00,2025-01-06 08:46:00,2025-01-06 09:10:00,2025-01-06 11:24:00,HIGH,4.87,PENDING
ORD00041,CUST00293,LOC0025,Office Complex,Office-025,13.059308,80.282939,Normal-Item-2,Normal,2.84,5.38,False,Ambient,,2025-01-06 08:29:00,2025-01-06 08:13:00,2025-01-06 08:45:00,2025-01-06 11:07:00,NORMAL,5.83,PENDING
ORD00042,CUST00208,LOC0016,Gated Apartment,Apt-016,13.009912,80.298187,Hot Food-Item-14,Hot Food,2.08,4.24,False,Hot,,2025-01-06 10:20:00,2025-01-06 09:15:00,2025-01-06 10:31:00,2025-01-06 12:54:00,NORMAL,2.03,PENDING
ORD00043,CUST00366,LOC0029,Gated Apartment,Apt-029,13.003384,80.223223,Heavy-Item-21,Heavy,10.3,30.23,False,Ambient,,2025-01-06 12:04:00,2025-01-06 11:55:00,2025-01-06 12:23:00,2025-01-06 13:38:00,LOW,3.98,PENDING
ORD00044,CUST00430,LOC0039,Gated Apartment,Apt-039,13.009357,80.276012,Chemical-Item-23,Chemical,3.02,9.34,False,Ambient,,2025-01-06 11:53:00,2025-01-06 10:32:00,2025-01-06 12:05:00,2025-01-06 13:13:00,URGENT,4.2,PENDING
ORD00045,CUST00337,LOC0003,Office Complex,Office-003,13.067542,80.289543,Normal-Item-37,Normal,2.91,10.02,False,Ambient,,2025-01-06 11:18:00,2025-01-06 11:10:00,2025-01-06 11:23:00,2025-01-06 12:50:00,HIGH,5.21,PENDING
ORD00046,CUST00305,LOC0030,Office Complex,Office-030,13.05085,80.262224,Hot Food-Item-33,Hot Food,0.62,4.64,False,Hot,,2025-01-06 11:11:00,2025-01-06 08:56:00,2025-01-06 11:23:00,2025-01-06 13:07:00,NORMAL,6.03,PENDING
ORD00047,CUST00359,LOC0021,Office Complex,Office-021,13.05946,80.286943,Hot Food-Item-38,Hot Food,1.25,7.13,False,Hot,,2025-01-06 09:40:00,2025-01-06 09:23:00,2025-01-06 09:58:00,2025-01-06 12:40:00,HIGH,5.63,PENDING
ORD00048,CUST00176,LOC0017,Gated Apartment,Apt-017,13.040104,80.26537,Normal-Item-10,Normal,3.0,11.98,False,Ambient,,2025-01-06 11:14:00,2025-01-06 10:56:00,2025-01-06 11:24:00,2025-01-06 13:22:00,NORMAL,2.3,PENDING
ORD00049,CUST00454,LOC0039,Gated Apartment,Apt-039,13.008883,80.276174,Normal-Item-31,Normal,2.28,11.59,False,Ambient,,2025-01-06 11:01:00,2025-01-06 10:32:00,2025-01-06 11:10:00,2025-01-06 14:54:00,NORMAL,4.38,PENDING
ORD00050,CUST00475,LOC0027,Gated Apartment,Apt-027,13.031692,80.275659,Normal-Item-49,Normal,1.43,5.22,False,Ambient,,2025-01-06 09:49:00,2025-01-06 09:23:00,2025-01-06 10:02:00,2025-01-06 13:31:00,NORMAL,4.14,PENDING
ORD00051,CUST00052,LOC0019,Gated Apartment,Apt-019,13.063095,80.233402,Fragile-Item-49,Fragile,0.86,14.79,True,Ambient,,2025-01-06 09:07:00,2025-01-06 08:44:00,2025-01-06 09:19:00,2025-01-06 12:42:00,HIGH,2.18,PENDING
ORD00052,CUST00488,LOC0019,Gated Apartment,Apt-019,13.064354,80.234368,Fragile-Item-15,Fragile,1.59,5.76,True,Ambient,,2025-01-06 11:29:00,2025-01-06 11:24:00,2025-01-06 11:47:00,2025-01-06 12:52:00,URGENT,2.93,PENDING
ORD00053,CUST00130,LOC0007,Office Complex,Office-007,13.057134,80.25785,Normal-Item-43,Normal,4.35,2.01,False,Ambient,,2025-01-06 08:02:00,2025-01-06 08:00:00,2025-01-06 08:11:00,2025-01-06 11:05:00,NORMAL,3.45,PENDING
ORD00054,CUST00466,LOC0028,Gated Apartment,Apt-028,12.994427,80.249423,Normal-Item-10,Normal,1.85,11.3,True,Ambient,,2025-01-06 10:12:00,2025-01-06 09:58:00,2025-01-06 10:21:00,2025-01-06 12:20:00,HIGH,2.04,PENDING
ORD00055,CUST00427,LOC0029,Gated Apartment,Apt-029,13.003706,80.222473,Normal-Item-48,Normal,2.98,7.9,False,Ambient,,2025-01-06 11:42:00,2025-01-06 10:28:00,2025-01-06 11:59:00,2025-01-06 15:58:00,NORMAL,3.14,PENDING
ORD00056,CUST00192,LOC0025,Office Complex,Office-025,13.059721,80.282704,Chemical-Item-1,Chemical,3.53,10.13,False,Ambient,,2025-01-06 10:35:00,2025-01-06 10:11:00,2025-01-06 10:49:00,2025-01-06 11:58:00,NORMAL,2.13,PENDING
ORD00057,CUST00277,LOC0034,Gated Apartment,Apt-034,13.023878,80.243401,Frozen-Item-49,Frozen,2.59,13.79,False,Frozen,FRO-G3,2025-01-06 12:55:00,2025-01-06 10:49:00,2025-01-06 13:02:00,2025-01-06 14:58:00,NORMAL,2.02,PENDING
ORD00058,CUST00010,LOC0023,Gated Apartment,Apt-023,13.077998,80.277139,Hot Food-Item-42,Hot Food,1.84,7.35,False,Hot,,2025-01-06 13:06:00,2025-01-06 11:35:00,2025-01-06 13:19:00,2025-01-06 15:25:00,NORMAL,4.68,PENDING
ORD00059,CUST00018,LOC0011,Gated Apartment,Apt-011,13.023524,80.239688,Heavy-Item-40,Heavy,10.98,22.92,False,Ambient,,2025-01-06 10:29:00,2025-01-06 10:07:00,2025-01-06 10:36:00,2025-01-06 13:14:00,LOW,2.06,PENDING
ORD00060,CUST00106,LOC0038,Office Complex,Office-038,13.031696,80.286209,Hot Food-Item-32,Hot Food,1.49,7.78,False,Hot,,2025-01-06 08:31:00,2025-01-06 08:22:00,2025-01-06 08:38:00,2025-01-06 10:52:00,LOW,4.11,PENDING
ORD00061,CUST00430,LOC0016,Gated Apartment,Apt-016,13.010256,80.298929,Fragile-Item-40,Fragile,3.1,15.97,True,Ambient,,2025-01-06 10:31:00,2025-01-06 10:08:00,2025-01-06 10:47:00,2025-01-06 11:59:00,URGENT,5.9,PENDING
ORD00062,CUST00205,LOC0018,Gated Apartment,Apt-018,12.995526,80.27658,Normal-Item-4,Normal,4.9,5.77,False,Ambient,,2025-01-06 11:17:00,2025-01-06 10:58:00,2025-01-06 11:27:00,2025-01-06 14:00:00,NORMAL,4.71,PENDING
ORD00063,CUST00172,LOC0008,Gated Apartment,Apt-008,13.061244,80.248028,Normal-Item-14,Normal,2.15,3.31,False,Ambient,,2025-01-06 09:34:00,2025-01-06 09:13:00,2025-01-06 09:41:00,2025-01-06 11:34:00,NORMAL,5.96,PENDING
ORD00064,CUST00126,LOC0020,Office Complex,Office-020,13.046788,80.231436,Fragile-Item-38,Fragile,1.41,5.68,True,Ambient,,2025-01-06 10:09:00,2025-01-06 10:05:00,2025-01-06 10:28:00,2025-01-06 11:35:00,NORMAL,3.33,PENDING
ORD00065,CUST00041,LOC0037,Office Complex,Office-037,13.001506,80.249989,Chemical-Item-13,Chemical,7.88,11.53,False,Ambient,,2025-01-06 09:43:00,2025-01-06 09:38:00,2025-01-06 10:00:00,2025-01-06 13:38:00,HIGH,4.44,PENDING
ORD00066,CUST00448,LOC0015,Gated Apartment,Apt-015,13.029262,80.290065,Frozen-Item-32,Frozen,2.48,8.08,False,Frozen,,2025-01-06 10:22:00,2025-01-06 10:20:00,2025-01-06 10:38:00,2025-01-06 11:44:00,LOW,2.45,PENDING
ORD00067,CUST00038,LOC0017,Gated Apartment,Apt-017,13.03957,80.265792,Normal-Item-44,Normal,1.45,9.1,False,Ambient,,2025-01-06 10:43:00,2025-01-06 10:17:00,2025-01-06 10:52:00,2025-01-06 11:59:00,NORMAL,6.23,PENDING
ORD00068,CUST00082,LOC0012,Office Complex,Office-012,13.072718,80.220684,Fragile-Item-43,Fragile,2.38,11.52,True,Ambient,,2025-01-06 11:19:00,2025-01-06 09:57:00,2025-01-06 11:25:00,2025-01-06 13:25:00,NORMAL,4.49,PENDING
ORD00069,CUST00186,LOC0002,Gated Apartment,Apt-002,13.02977,80.303554,Normal-Item-23,Normal,4.61,5.22,False,Ambient,,2025-01-06 08:32:00,2025-01-06 08:17:00,2025-01-06 08:49:00,2025-01-06 12:47:00,NORMAL,5.34,PENDING
ORD00070,CUST00319,LOC0028,Gated Apartment,Apt-028,12.993123,80.250242,Normal-Item-44,Normal,1.91,9.94,False,Ambient,,2025-01-06 09:40:00,2025-01-06 09:21:00,2025-01-06 09:56:00,2025-01-06 12:16:00,LOW,2.01,PENDING
ORD00071,CUST00329,LOC0003,Office Complex,Office-003,13.06754,80.290305,Fragile-Item-30,Fragile,0.95,7.28,True,Ambient,,2025-01-06 11:28:00,2025-01-06 11:09:00,2025-01-06 11:39:00,2025-01-06 15:00:00,NORMAL,4.97,PENDING
ORD00072,CUST00330,LOC0022,Office Complex,Office-022,13.022795,80.268186,Normal-Item-37,Normal,3.49,10.46,True,Ambient,,2025-01-06 09:32:00,2025-01-06 09:22:00,2025-01-06 09:50:00,2025-01-06 13:15:00,LOW,3.36,PENDING
ORD00073,CUST00413,LOC0030,Office Complex,Office-030,13.051876,80.263447,Normal-Item-5,Normal,2.94,9.2,False,Ambient,,2025-01-06 11:21:00,2025-01-06 10:54:00,2025-01-06 11:36:00,2025-01-06 14:13:00,NORMAL,2.57,PENDING
ORD00074,CUST00070,LOC0030,Office Complex,Office-030,13.051678,80.263861,Normal-Item-37,Normal,1.83,3.98,False,Ambient,,2025-01-06 11:02:00,2025-01-06 10:39:00,2025-01-06 11:10:00,2025-01-06 14:37:00,HIGH,3.28,PENDING
ORD00075,CUST00272,LOC0009,Gated Apartment,Apt-009,13.001213,80.288249,Fragile-Item-2,Fragile,2.95,19.29,True,Ambient,,2025-01-06 10:38:00,2025-01-06 10:19:00,2025-01-06 10:53:00,2025-01-06 14:49:00,NORMAL,5.08,PENDING
ORD00076,CUST00456,LOC0039,Gated Apartment,Apt-039,13.009848,80.275966,Normal-Item-2,Normal,4.7,10.54,False,Ambient,,2025-01-06 10:47:00,2025-01-06 10:26:00,2025-01-06 10:59:00,2025-01-06 13:35:00,NORMAL,6.16,PENDING
ORD00077,CUST00146,LOC0030,Office Complex,Office-030,13.051088,80.263636,Frozen-Item-43,Frozen,4.81,9.29,False,Frozen,,2025-01-06 10:55:00,2025-01-06 10:47:00,2025-01-06 11:06:00,2025-01-06 14:08:00,NORMAL,2.98,PENDING
ORD00078,CUST00211,LOC0002,Gated Apartment,Apt-002,13.03036,80.303414,Frozen-Item-46,Frozen,5.2,5.52,False,Frozen,,2025-01-06 10:17:00,2025-01-06 09:20:00,2025-01-06 10:27:00,2025-01-06 11:27:00,NORMAL,4.79,PENDING
ORD00079,CUST00001,LOC0006,Gated Apartment,Apt-006,13.078542,80.301424,Frozen-Item-49,Frozen,2.35,13.73,False,Frozen,,2025-01-06 09:53:00,2025-01-06 09:48:00,2025-01-06 10:05:00,2025-01-06 13:02:00,NORMAL,5.09,PENDING
ORD00080,CUST00410,LOC0028,Gated Apartment,Apt-028,12.994835,80.250232,Chemical-Item-9,Chemical,3.23,6.61,False,Ambient,,2025-01-06 12:17:00,2025-01-06 10:54:00,2025-01-06 12:32:00,2025-01-06 16:18:00,NORMAL,3.87,PENDING
ORD00081,CUST00044,LOC0020,Office Complex,Office-020,13.046708,80.231343,Hot Food-Item-22,Hot Food,0.86,9.15,False,Hot,,2025-01-06 09:24:00,2025-01-06 09:18:00,2025-01-06 09:36:00,2025-01-06 10:22:00,URGENT,2.0,PENDING
ORD00082,CUST00369,LOC0014,Gated Apartment,Apt-014,13.064071,80.286432,Hot Food-Item-27,Hot Food,0.92,4.03,False,Hot,,2025-01-06 10:53:00,2025-01-06 10:36:00,2025-01-06 11:06:00,2025-01-06 14:02:00,HIGH,3.16,PENDING
ORD00083,CUST00081,LOC0031,Gated Apartment,Apt-031,13.057647,80.241569,Fragile-Item-9,Fragile,1.79,8.29,True,Ambient,,2025-01-06 10:37:00,2025-01-06 10:30:00,2025-01-06 10:53:00,2025-01-06 11:40:00,URGENT,2.79,PENDING
ORD00084,CUST00328,LOC0028,Gated Apartment,Apt-028,12.993038,80.249804,Normal-Item-37,Normal,3.37,6.49,False,Ambient,,2025-01-06 12:25:00,2025-01-06 11:57:00,2025-01-06 12:44:00,2025-01-06 15:30:00,NORMAL,3.3,PENDING
ORD00085,CUST00079,LOC0023,Gated Apartment,Apt-023,13.077583,80.276774,Hot Food-Item-19,Hot Food,2.28,3.19,True,Hot,,2025-01-06 12:01:00,2025-01-06 11:43:00,2025-01-06 12:09:00,2025-01-06 15:35:00,NORMAL,4.53,PENDING
ORD00086,CUST00445,LOC0007,Office Complex,Office-007,13.059107,80.258594,Fragile-Item-24,Fragile,2.87,5.99,True,Ambient,,2025-01-06 10:00:00,2025-01-06 09:15:00,2025-01-06 10:08:00,2025-01-06 11:33:00,NORMAL,4.11,PENDING
ORD00087,CUST00090,LOC0003,Office Complex,Office-003,13.066846,80.289499,Normal-Item-16,Normal,3.05,3.95,False,Ambient,,2025-01-06 09:13:00,2025-01-06 08:06:00,2025-01-06 09:25:00,2025-01-06 10:30:00,NORMAL,5.87,PENDING
ORD00088,CUST00058,LOC0022,Office Complex,Office-022,13.02119,80.267905,Normal-Item-48,Normal,3.17,4.05,False,Ambient,,2025-01-06 09:46:00,2025-01-06 09:25:00,2025-01-06 09:52:00,2025-01-06 10:38:00,URGENT,4.79,PENDING
ORD00089,CUST00163,LOC0031,Gated Apartment,Apt-031,13.05708,80.241655,Hot Food-Item-25,Hot Food,1.82,9.98,True,Hot,,2025-01-06 09:03:00,2025-01-06 08:50:00,2025-01-06 09:21:00,2025-01-06 10:45:00,NORMAL,6.4,PENDING
ORD00090,CUST00316,LOC0032,Gated Apartment,Apt-032,13.075991,80.26075,Normal-Item-38,Normal,1.81,3.93,False,Ambient,,2025-01-06 10:22:00,2025-01-06 10:20:00,2025-01-06 10:35:00,2025-01-06 14:07:00,NORMAL,6.17,PENDING
ORD00091,CUST00250,LOC0014,Gated Apartment,Apt-014,13.064107,80.286963,Fragile-Item-36,Fragile,2.49,11.93,True,Ambient,,2025-01-06 09:29:00,2025-01-06 09:09:00,2025-01-06 09:35:00,2025-01-06 10:46:00,NORMAL,2.75,PENDING
ORD00092,CUST00472,LOC0032,Gated Apartment,Apt-032,13.076702,80.260867,Frozen-Item-31,Frozen,2.29,13.09,False,Frozen,,2025-01-06 10:19:00,2025-01-06 10:15:00,2025-01-06 10:34:00,2025-01-06 11:38:00,URGENT,3.77,PENDING
ORD00093,CUST00494,LOC0002,Gated Apartment,Apt-002,13.029994,80.30337,Heavy-Item-19,Heavy,11.06,15.53,False,Ambient,,2025-01-06 09:01:00,2025-01-06 08:36:00,2025-01-06 09:14:00,2025-01-06 12:44:00,HIGH,5.95,PENDING
ORD00094,CUST00187,LOC0027,Gated Apartment,Apt-027,13.032457,80.27577,Frozen-Item-32,Frozen,3.48,9.9,False,Frozen,,2025-01-06 09:02:00,2025-01-06 08:38:00,2025-01-06 09:19:00,2025-01-06 12:20:00,NORMAL,2.45,PENDING
ORD00095,CUST00470,LOC0040,Gated Apartment,Apt-040,13.049392,80.299104,Heavy-Item-26,Heavy,9.82,22.4,False,Ambient,,2025-01-06 08:35:00,2025-01-06 08:30:00,2025-01-06 08:50:00,2025-01-06 11:12:00,NORMAL,2.11,PENDING
ORD00096,CUST00172,LOC0024,Office Complex,Office-024,13.070907,80.296662,Heavy-Item-12,Heavy,9.39,27.37,True,Ambient,,2025-01-06 09:07:00,2025-01-06 08:39:00,2025-01-06 09:19:00,2025-01-06 10:33:00,HIGH,2.44,PENDING
ORD00097,CUST00353,LOC0033,Gated Apartment,Apt-033,13.019874,80.305275,Chemical-Item-20,Chemical,1.57,8.52,False,Ambient,CHE-G1,2025-01-06 11:51:00,2025-01-06 11:32:00,2025-01-06 11:59:00,2025-01-06 14:53:00,HIGH,6.31,PENDING
ORD00098,CUST00484,LOC0002,Gated Apartment,Apt-002,13.030016,80.30304,Chemical-Item-26,Chemical,6.86,3.18,False,Ambient,CHE-G1,2025-01-06 08:26:00,2025-01-06 08:01:00,2025-01-06 08:44:00,2025-01-06 11:43:00,LOW,4.0,PENDING
ORD00099,CUST00482,LOC0012,Office Complex,Office-012,13.074293,80.221472,Chemical-Item-45,Chemical,1.66,10.67,False,Ambient,,2025-01-06 10:34:00,2025-01-06 10:09:00,2025-01-06 10:48:00,2025-01-06 12:45:00,LOW,4.46,PENDING
ORD00100,CUST00390,LOC0031,Gated Apartment,Apt-031,13.056625,80.242345,Fragile-Item-5,Fragile,1.85,10.42,True,Ambient,,2025-01-06 10:00:00,2025-01-06 09:55:00,2025-01-06 10:06:00,2025-01-06 11:08:00,URGENT,4.01,PENDING
ORD00101,CUST00075,LOC0002,Gated Apartment,Apt-002,13.029916,80.303421,Normal-Item-10,Normal,1.27,11.76,False,Ambient,,2025-01-06 09:48:00,2025-01-06 09:32:00,2025-01-06 10:01:00,2025-01-06 11:02:00,NORMAL,2.28,PENDING
ORD00102,CUST00219,LOC0011,Gated Apartment,Apt-011,13.023389,80.23986,Heavy-Item-7,Heavy,7.82,31.01,False,Ambient,,2025-01-06 10:27:00,2025-01-06 10:08:00,2025-01-06 10:46:00,2025-01-06 13:23:00,HIGH,6.26,PENDING
ORD00103,CUST00294,LOC0022,Office Complex,Office-022,13.02205,80.26706,Normal-Item-25,Normal,1.81,8.53,False,Ambient,,2025-01-06 08:52:00,2025-01-06 08:38:00,2025-01-06 09:07:00,2025-01-06 10:35:00,NORMAL,2.48,PENDING
ORD00104,CUST00490,LOC0038,Office Complex,Office-038,13.032458,80.285996,Chemical-Item-40,Chemical,4.4,6.78,False,Ambient,,2025-01-06 11:46:00,2025-01-06 09:44:00,2025-01-06 11:59:00,2025-01-06 13:16:00,NORMAL,4.11,PENDING
ORD00105,CUST00299,LOC0033,Gated Apartment,Apt-033,13.019917,80.305364,Heavy-Item-21,Heavy,13.04,23.56,False,Ambient,,2025-01-06 09:11:00,2025-01-06 08:46:00,2025-01-06 09:27:00,2025-01-06 12:41:00,NORMAL,3.67,PENDING
ORD00106,CUST00137,LOC0002,Gated Apartment,Apt-002,13.028625,80.303033,Fragile-Item-14,Fragile,1.25,16.18,True,Ambient,,2025-01-06 12:21:00,2025-01-06 10:56:00,2025-01-06 12:28:00,2025-01-06 15:50:00,NORMAL,2.5,PENDING
ORD00107,CUST00191,LOC0008,Gated Apartment,Apt-008,13.060372,80.24819,Normal-Item-7,Normal,2.79,10.83,False,Ambient,,2025-01-06 09:01:00,2025-01-06 08:40:00,2025-01-06 09:18:00,2025-01-06 11:18:00,NORMAL,3.39,PENDING
ORD00108,CUST00089,LOC0006,Gated Apartment,Apt-006,13.078105,80.299212,Fragile-Item-45,Fragile,3.24,16.22,True,Ambient,,2025-01-06 08:23:00,2025-01-06 08:16:00,2025-01-06 08:34:00,2025-01-06 10:39:00,NORMAL,4.1,PENDING
ORD00109,CUST00012,LOC0031,Gated Apartment,Apt-031,13.056268,80.239809,Normal-Item-43,Normal,1.58,3.31,False,Ambient,,2025-01-06 10:58:00,2025-01-06 10:48:00,2025-01-06 11:03:00,2025-01-06 14:53:00,NORMAL,4.89,PENDING
ORD00110,CUST00276,LOC0018,Gated Apartment,Apt-018,12.996949,80.276298,Hot Food-Item-10,Hot Food,2.48,6.23,False,Hot,,2025-01-06 13:18:00,2025-01-06 11:33:00,2025-01-06 13:30:00,2025-01-06 16:56:00,NORMAL,5.76,PENDING
ORD00111,CUST00307,LOC0032,Gated Apartment,Apt-032,13.077313,80.259913,Hot Food-Item-15,Hot Food,2.99,9.11,False,Hot,,2025-01-06 08:48:00,2025-01-06 08:38:00,2025-01-06 09:02:00,2025-01-06 12:53:00,NORMAL,4.51,PENDING
ORD00112,CUST00070,LOC0030,Office Complex,Office-030,13.05091,80.263291,Chemical-Item-17,Chemical,3.82,10.34,False,Ambient,,2025-01-06 08:35:00,2025-01-06 08:13:00,2025-01-06 08:42:00,2025-01-06 12:09:00,NORMAL,5.05,PENDING
ORD00113,CUST00182,LOC0039,Gated Apartment,Apt-039,13.010629,80.276417,Normal-Item-49,Normal,2.32,6.33,False,Ambient,,2025-01-06 11:29:00,2025-01-06 11:06:00,2025-01-06 11:46:00,2025-01-06 12:52:00,LOW,4.57,PENDING
ORD00114,CUST00431,LOC0036,Office Complex,Office-036,13.006615,80.248365,Hot Food-Item-9,Hot Food,0.72,5.77,False,Hot,,2025-01-06 10:12:00,2025-01-06 10:04:00,2025-01-06 10:19:00,2025-01-06 13:42:00,NORMAL,4.89,PENDING
ORD00115,CUST00096,LOC0017,Gated Apartment,Apt-017,13.039782,80.265661,Normal-Item-40,Normal,4.64,4.46,False,Ambient,,2025-01-06 10:24:00,2025-01-06 08:20:00,2025-01-06 10:31:00,2025-01-06 12:36:00,NORMAL,3.3,PENDING
ORD00116,CUST00081,LOC0026,Office Complex,Office-026,13.007975,80.276063,Normal-Item-20,Normal,1.5,3.35,False,Ambient,,2025-01-06 09:31:00,2025-01-06 09:03:00,2025-01-06 09:39:00,2025-01-06 10:41:00,NORMAL,4.88,PENDING
ORD00117,CUST00053,LOC0037,Office Complex,Office-037,13.002277,80.249364,Hot Food-Item-36,Hot Food,2.62,4.59,False,Hot,,2025-01-06 11:51:00,2025-01-06 11:25:00,2025-01-06 12:05:00,2025-01-06 14:02:00,NORMAL,6.22,PENDING
ORD00118,CUST00198,LOC0008,Gated Apartment,Apt-008,13.06151,80.249155,Frozen-Item-15,Frozen,5.1,12.24,False,Frozen,,2025-01-06 12:34:00,2025-01-06 10:06:00,2025-01-06 12:42:00,2025-01-06 16:22:00,NORMAL,5.54,PENDING
ORD00119,CUST00036,LOC0028,Gated Apartment,Apt-028,12.993525,80.250529,Fragile-Item-49,Fragile,1.16,16.93,True,Ambient,,2025-01-06 10:16:00,2025-01-06 09:48:00,2025-01-06 10:26:00,2025-01-06 12:55:00,LOW,4.13,PENDING
ORD00120,CUST00329,LOC0025,Office Complex,Office-025,13.059886,80.282571,Normal-Item-45,Normal,4.0,5.83,False,Ambient,,2025-01-06 11:53:00,2025-01-06 11:30:00,2025-01-06 12:02:00,2025-01-06 14:23:00,NORMAL,5.73,PENDING
ORD00121,CUST00433,LOC0029,Gated Apartment,Apt-029,13.002943,80.222253,Fragile-Item-3,Fragile,2.23,5.83,True,Ambient,,2025-01-06 09:59:00,2025-01-06 09:48:00,2025-01-06 10:16:00,2025-01-06 11:12:00,URGENT,6.25,PENDING
ORD00122,CUST00479,LOC0009,Gated Apartment,Apt-009,13.001615,80.286854,Hot Food-Item-46,Hot Food,1.04,6.72,False,Hot,,2025-01-06 11:23:00,2025-01-06 10:59:00,2025-01-06 11:31:00,2025-01-06 12:26:00,URGENT,5.2,PENDING
ORD00123,CUST00085,LOC0022,Office Complex,Office-022,13.021557,80.266793,Fragile-Item-45,Fragile,2.07,14.61,True,Ambient,,2025-01-06 09:21:00,2025-01-06 09:14:00,2025-01-06 09:40:00,2025-01-06 10:57:00,NORMAL,6.38,PENDING
ORD00124,CUST00387,LOC0034,Gated Apartment,Apt-034,13.023287,80.243375,Normal-Item-22,Normal,0.72,3.2,False,Ambient,,2025-01-06 08:44:00,2025-01-06 08:40:00,2025-01-06 08:50:00,2025-01-06 10:41:00,LOW,4.84,PENDING
ORD00125,CUST00323,LOC0021,Office Complex,Office-021,13.057882,80.287029,Frozen-Item-42,Frozen,3.24,7.81,False,Frozen,,2025-01-06 08:22:00,2025-01-06 08:16:00,2025-01-06 08:38:00,2025-01-06 10:52:00,NORMAL,3.49,PENDING
ORD00126,CUST00312,LOC0009,Gated Apartment,Apt-009,13.000825,80.287783,Normal-Item-28,Normal,3.54,11.1,False,Ambient,,2025-01-06 09:21:00,2025-01-06 09:13:00,2025-01-06 09:30:00,2025-01-06 11:31:00,NORMAL,2.61,PENDING
ORD00127,CUST00480,LOC0028,Gated Apartment,Apt-028,12.994966,80.251067,Normal-Item-24,Normal,2.4,6.09,False,Ambient,,2025-01-06 12:07:00,2025-01-06 11:59:00,2025-01-06 12:24:00,2025-01-06 16:00:00,NORMAL,5.42,PENDING
ORD00128,CUST00247,LOC0029,Gated Apartment,Apt-029,13.004552,80.222127,Fragile-Item-29,Fragile,2.35,14.03,True,Ambient,,2025-01-06 11:47:00,2025-01-06 11:42:00,2025-01-06 11:53:00,2025-01-06 14:19:00,NORMAL,4.11,PENDING
ORD00129,CUST00053,LOC0008,Gated Apartment,Apt-008,13.06048,80.248809,Normal-Item-47,Normal,0.75,2.01,False,Ambient,,2025-01-06 09:50:00,2025-01-06 09:27:00,2025-01-06 09:58:00,2025-01-06 11:00:00,URGENT,2.69,PENDING
ORD00130,CUST00112,LOC0008,Gated Apartment,Apt-008,13.060742,80.248935,Heavy-Item-32,Heavy,9.71,30.19,False,Ambient,,2025-01-06 09:46:00,2025-01-06 09:18:00,2025-01-06 09:58:00,2025-01-06 13:30:00,LOW,3.29,PENDING
ORD00131,CUST00225,LOC0024,Office Complex,Office-024,13.070245,80.296948,Chemical-Item-49,Chemical,7.93,7.27,False,Ambient,,2025-01-06 11:19:00,2025-01-06 10:53:00,2025-01-06 11:34:00,2025-01-06 15:10:00,NORMAL,3.98,PENDING
ORD00132,CUST00064,LOC0039,Gated Apartment,Apt-039,13.009523,80.274917,Normal-Item-3,Normal,2.87,7.61,False,Ambient,,2025-01-06 09:17:00,2025-01-06 09:04:00,2025-01-06 09:28:00,2025-01-06 12:21:00,NORMAL,2.85,PENDING
ORD00133,CUST00052,LOC0010,Gated Apartment,Apt-010,13.029697,80.234369,Frozen-Item-8,Frozen,3.77,4.23,False,Frozen,,2025-01-06 08:32:00,2025-01-06 08:26:00,2025-01-06 08:37:00,2025-01-06 10:24:00,HIGH,2.1,PENDING
ORD00134,CUST00330,LOC0027,Gated Apartment,Apt-027,13.031288,80.275282,Normal-Item-43,Normal,4.07,10.93,True,Ambient,,2025-01-06 10:04:00,2025-01-06 09:46:00,2025-01-06 10:22:00,2025-01-06 13:55:00,NORMAL,5.26,PENDING
ORD00135,CUST00316,LOC0020,Office Complex,Office-020,13.045913,80.231779,Normal-Item-39,Normal,2.54,5.6,False,Ambient,,2025-01-06 10:59:00,2025-01-06 10:56:00,2025-01-06 11:08:00,2025-01-06 13:49:00,HIGH,4.75,PENDING
ORD00136,CUST00412,LOC0002,Gated Apartment,Apt-002,13.030142,80.30363,Fragile-Item-27,Fragile,2.61,8.68,True,Ambient,,2025-01-06 10:39:00,2025-01-06 08:24:00,2025-01-06 10:47:00,2025-01-06 11:51:00,NORMAL,6.17,PENDING
ORD00137,CUST00241,LOC0001,Office Complex,Office-001,13.060271,80.263525,Chemical-Item-21,Chemical,7.66,2.12,False,Ambient,,2025-01-06 11:20:00,2025-01-06 10:51:00,2025-01-06 11:36:00,2025-01-06 13:26:00,NORMAL,4.76,PENDING
ORD00138,CUST00088,LOC0027,Gated Apartment,Apt-027,13.031763,80.275403,Normal-Item-26,Normal,3.73,10.49,False,Ambient,,2025-01-06 11:14:00,2025-01-06 10:57:00,2025-01-06 11:23:00,2025-01-06 15:18:00,NORMAL,2.99,PENDING
ORD00139,CUST00225,LOC0030,Office Complex,Office-030,13.051023,80.263126,Normal-Item-5,Normal,4.34,5.78,False,Ambient,,2025-01-06 11:16:00,2025-01-06 11:08:00,2025-01-06 11:22:00,2025-01-06 14:39:00,NORMAL,2.68,PENDING
ORD00140,CUST00476,LOC0013,Gated Apartment,Apt-013,13.047596,80.298791,Fragile-Item-34,Fragile,3.14,9.28,True,Ambient,,2025-01-06 08:19:00,2025-01-06 08:17:00,2025-01-06 08:36:00,2025-01-06 12:08:00,LOW,4.93,PENDING
ORD00141,CUST00343,LOC0020,Office Complex,Office-020,13.046046,80.231915,Normal-Item-31,Normal,1.02,8.88,True,Ambient,,2025-01-06 11:25:00,2025-01-06 10:10:00,2025-01-06 11:38:00,2025-01-06 14:31:00,NORMAL,2.14,PENDING
ORD00142,CUST00258,LOC0031,Gated Apartment,Apt-031,13.056545,80.240642,Normal-Item-5,Normal,1.47,6.57,False,Ambient,,2025-01-06 08:28:00,2025-01-06 08:26:00,2025-01-06 08:38:00,2025-01-06 09:56:00,NORMAL,3.55,PENDING
ORD00143,CUST00268,LOC0032,Gated Apartment,Apt-032,13.076233,80.261526,Chemical-Item-8,Chemical,1.16,8.01,False,Ambient,,2025-01-06 11:45:00,2025-01-06 11:36:00,2025-01-06 12:04:00,2025-01-06 13:33:00,LOW,4.0,PENDING
ORD00144,CUST00472,LOC0008,Gated Apartment,Apt-008,13.060729,80.248437,Fragile-Item-27,Fragile,3.45,9.86,True,Ambient,,2025-01-06 08:09:00,2025-01-06 08:03:00,2025-01-06 08:28:00,2025-01-06 09:49:00,HIGH,3.2,PENDING
ORD00145,CUST00114,LOC0017,Gated Apartment,Apt-017,13.040308,80.265653,Chemical-Item-10,Chemical,4.52,11.71,False,Ambient,,2025-01-06 11:47:00,2025-01-06 11:31:00,2025-01-06 11:58:00,2025-01-06 15:37:00,NORMAL,4.39,PENDING
ORD00146,CUST00181,LOC0017,Gated Apartment,Apt-017,13.040309,80.26619,Normal-Item-3,Normal,3.5,3.81,False,Ambient,,2025-01-06 09:50:00,2025-01-06 09:34:00,2025-01-06 10:00:00,2025-01-06 13:11:00,NORMAL,5.84,PENDING
ORD00147,CUST00208,LOC0037,Office Complex,Office-037,13.000825,80.250393,Normal-Item-35,Normal,0.48,6.95,False,Ambient,,2025-01-06 11:56:00,2025-01-06 11:48:00,2025-01-06 12:14:00,2025-01-06 16:05:00,LOW,5.2,PENDING
ORD00148,CUST00055,LOC0022,Office Complex,Office-022,13.02175,80.267144,Fragile-Item-14,Fragile,2.37,7.67,True,Ambient,,2025-01-06 08:50:00,2025-01-06 08:39:00,2025-01-06 08:55:00,2025-01-06 10:23:00,NORMAL,3.08,PENDING
ORD00149,CUST00399,LOC0008,Gated Apartment,Apt-008,13.060368,80.249114,Normal-Item-27,Normal,2.11,5.39,False,Ambient,,2025-01-06 10:12:00,2025-01-06 09:18:00,2025-01-06 10:25:00,2025-01-06 14:23:00,NORMAL,4.27,PENDING
ORD00150,CUST00385,LOC0003,Office Complex,Office-003,13.066846,80.29049,Hot Food-Item-33,Hot Food,2.74,6.04,False,Hot,,2025-01-06 11:26:00,2025-01-06 11:03:00,2025-01-06 11:35:00,2025-01-06 14:17:00,HIGH,2.42,PENDING
ORD00151,CUST00425,LOC0031,Gated Apartment,Apt-031,13.057066,80.241523,Frozen-Item-21,Frozen,4.01,13.43,False,Frozen,,2025-01-06 11:09:00,2025-01-06 11:00:00,2025-01-06 11:23:00,2025-01-06 12:21:00,URGENT,3.19,PENDING
ORD00152,CUST00207,LOC0035,Gated Apartment,Apt-035,13.032319,80.227233,Normal-Item-1,Normal,1.84,7.03,False,Ambient,,2025-01-06 11:46:00,2025-01-06 11:34:00,2025-01-06 11:58:00,2025-01-06 14:55:00,NORMAL,5.71,PENDING
ORD00153,CUST00130,LOC0032,Gated Apartment,Apt-032,13.07651,80.261415,Chemical-Item-3,Chemical,6.87,3.42,False,Ambient,,2025-01-06 10:20:00,2025-01-06 10:14:00,2025-01-06 10:27:00,2025-01-06 11:54:00,NORMAL,4.54,PENDING
ORD00154,CUST00294,LOC0001,Office Complex,Office-001,13.05921,80.263402,Fragile-Item-35,Fragile,1.4,14.94,True,Ambient,,2025-01-06 09:42:00,2025-01-06 08:16:00,2025-01-06 10:01:00,2025-01-06 11:57:00,NORMAL,5.23,PENDING
ORD00155,CUST00163,LOC0005,Gated Apartment,Apt-005,12.997829,80.303046,Chemical-Item-18,Chemical,4.19,10.73,False,Ambient,,2025-01-06 13:26:00,2025-01-06 11:05:00,2025-01-06 13:39:00,2025-01-06 14:51:00,URGENT,6.26,PENDING
ORD00156,CUST00474,LOC0013,Gated Apartment,Apt-013,13.047958,80.298619,Hot Food-Item-42,Hot Food,1.13,7.94,False,Hot,,2025-01-06 09:42:00,2025-01-06 08:45:00,2025-01-06 09:56:00,2025-01-06 11:19:00,NORMAL,5.37,PENDING
ORD00157,CUST00122,LOC0013,Gated Apartment,Apt-013,13.047624,80.298586,Normal-Item-17,Normal,2.82,4.97,False,Ambient,,2025-01-06 10:04:00,2025-01-06 09:52:00,2025-01-06 10:19:00,2025-01-06 12:35:00,NORMAL,3.75,PENDING
ORD00158,CUST00215,LOC0001,Office Complex,Office-001,13.060244,80.26449,Fragile-Item-1,Fragile,3.88,12.83,True,Ambient,,2025-01-06 09:57:00,2025-01-06 09:30:00,2025-01-06 10:13:00,2025-01-06 11:19:00,URGENT,5.14,PENDING
ORD00159,CUST00262,LOC0004,Gated Apartment,Apt-004,13.052904,80.251327,Fragile-Item-43,Fragile,0.94,16.27,True,Ambient,,2025-01-06 08:23:00,2025-01-06 08:07:00,2025-01-06 08:41:00,2025-01-06 11:46:00,NORMAL,5.79,PENDING
ORD00160,CUST00382,LOC0029,Gated Apartment,Apt-029,13.003703,80.223819,Hot Food-Item-9,Hot Food,2.12,5.94,False,Hot,,2025-01-06 09:12:00,2025-01-06 08:51:00,2025-01-06 09:27:00,2025-01-06 12:46:00,HIGH,2.9,PENDING
ORD00161,CUST00157,LOC0029,Gated Apartment,Apt-029,13.004291,80.221653,Heavy-Item-38,Heavy,8.77,20.98,True,Ambient,,2025-01-06 10:18:00,2025-01-06 08:17:00,2025-01-06 10:37:00,2025-01-06 11:43:00,URGENT,6.27,PENDING
ORD00162,CUST00192,LOC0035,Gated Apartment,Apt-035,13.032547,80.226304,Normal-Item-14,Normal,2.75,6.31,False,Ambient,,2025-01-06 10:03:00,2025-01-06 09:44:00,2025-01-06 10:22:00,2025-01-06 11:18:00,URGENT,2.81,PENDING
ORD00163,CUST00062,LOC0007,Office Complex,Office-007,13.058175,80.257557,Frozen-Item-10,Frozen,3.48,14.11,True,Frozen,,2025-01-06 11:51:00,2025-01-06 11:48:00,2025-01-06 12:00:00,2025-01-06 12:52:00,URGENT,6.44,PENDING
ORD00164,CUST00085,LOC0034,Gated Apartment,Apt-034,13.024063,80.243138,Normal-Item-1,Normal,4.19,3.39,False,Ambient,,2025-01-06 10:26:00,2025-01-06 10:19:00,2025-01-06 10:44:00,2025-01-06 11:53:00,NORMAL,2.31,PENDING
ORD00165,CUST00443,LOC0029,Gated Apartment,Apt-029,13.003894,80.223856,Normal-Item-24,Normal,4.35,10.36,False,Ambient,,2025-01-06 09:59:00,2025-01-06 09:12:00,2025-01-06 10:11:00,2025-01-06 13:07:00,NORMAL,5.58,PENDING
ORD00166,CUST00261,LOC0017,Gated Apartment,Apt-017,13.040667,80.266576,Hot Food-Item-38,Hot Food,0.63,6.34,False,Hot,,2025-01-06 09:03:00,2025-01-06 08:36:00,2025-01-06 09:18:00,2025-01-06 11:46:00,NORMAL,4.08,PENDING
ORD00167,CUST00148,LOC0011,Gated Apartment,Apt-011,13.025032,80.240492,Normal-Item-38,Normal,1.0,10.72,False,Ambient,,2025-01-06 10:22:00,2025-01-06 10:17:00,2025-01-06 10:33:00,2025-01-06 11:37:00,NORMAL,2.21,PENDING
ORD00168,CUST00062,LOC0014,Gated Apartment,Apt-014,13.064439,80.286858,Normal-Item-34,Normal,3.08,9.56,False,Ambient,,2025-01-06 12:16:00,2025-01-06 10:59:00,2025-01-06 12:29:00,2025-01-06 13:44:00,NORMAL,4.5,PENDING
ORD00169,CUST00459,LOC0031,Gated Apartment,Apt-031,13.057917,80.24213,Hot Food-Item-24,Hot Food,2.51,4.73,False,Hot,,2025-01-06 11:09:00,2025-01-06 10:59:00,2025-01-06 11:27:00,2025-01-06 15:23:00,NORMAL,4.42,PENDING
ORD00170,CUST00346,LOC0040,Gated Apartment,Apt-040,13.050231,80.298226,Normal-Item-44,Normal,4.68,3.24,False,Ambient,,2025-01-06 10:31:00,2025-01-06 10:06:00,2025-01-06 10:37:00,2025-01-06 11:38:00,NORMAL,4.84,PENDING
ORD00171,CUST00004,LOC0029,Gated Apartment,Apt-029,13.004071,80.222549,Fragile-Item-10,Fragile,1.63,15.46,True,Ambient,,2025-01-06 09:13:00,2025-01-06 08:45:00,2025-01-06 09:28:00,2025-01-06 12:53:00,NORMAL,2.72,PENDING
ORD00172,CUST00269,LOC0034,Gated Apartment,Apt-034,13.022353,80.243568,Normal-Item-42,Normal,2.2,7.83,False,Ambient,,2025-01-06 10:36:00,2025-01-06 10:17:00,2025-01-06 10:51:00,2025-01-06 14:43:00,NORMAL,4.73,PENDING
ORD00173,CUST00418,LOC0022,Office Complex,Office-022,13.020791,80.266941,Hot Food-Item-43,Hot Food,2.2,3.63,False,Hot,,2025-01-06 08:51:00,2025-01-06 08:43:00,2025-01-06 09:10:00,2025-01-06 12:12:00,NORMAL,4.01,PENDING
ORD00174,CUST00408,LOC0011,Gated Apartment,Apt-011,13.023226,80.239416,Normal-Item-29,Normal,0.97,3.93,False,Ambient,,2025-01-06 09:40:00,2025-01-06 09:28:00,2025-01-06 09:52:00,2025-01-06 11:37:00,HIGH,3.73,PENDING
ORD00175,CUST00099,LOC0005,Gated Apartment,Apt-005,12.998201,80.303687,Heavy-Item-2,Heavy,14.63,23.04,False,Ambient,,2025-01-06 12:18:00,2025-01-06 11:51:00,2025-01-06 12:32:00,2025-01-06 14:41:00,NORMAL,4.24,PENDING
ORD00176,CUST00049,LOC0020,Office Complex,Office-020,13.046062,80.23136,Normal-Item-2,Normal,0.55,11.4,False,Ambient,,2025-01-06 11:41:00,2025-01-06 11:18:00,2025-01-06 11:55:00,2025-01-06 13:02:00,NORMAL,3.05,PENDING
ORD00177,CUST00473,LOC0010,Gated Apartment,Apt-010,13.030557,80.232756,Fragile-Item-41,Fragile,1.25,7.45,True,Ambient,,2025-01-06 09:52:00,2025-01-06 09:35:00,2025-01-06 10:03:00,2025-01-06 12:04:00,LOW,6.06,PENDING
ORD00178,CUST00255,LOC0025,Office Complex,Office-025,13.060563,80.284298,Heavy-Item-41,Heavy,6.15,34.16,False,Ambient,,2025-01-06 10:39:00,2025-01-06 10:33:00,2025-01-06 10:49:00,2025-01-06 11:58:00,URGENT,4.28,PENDING
ORD00179,CUST00163,LOC0010,Gated Apartment,Apt-010,13.031274,80.234307,Fragile-Item-14,Fragile,1.81,19.55,True,Ambient,,2025-01-06 09:52:00,2025-01-06 09:46:00,2025-01-06 10:00:00,2025-01-06 12:49:00,NORMAL,6.28,PENDING
ORD00180,CUST00021,LOC0010,Gated Apartment,Apt-010,13.030664,80.234458,Fragile-Item-19,Fragile,0.61,14.27,True,Ambient,,2025-01-06 09:07:00,2025-01-06 09:02:00,2025-01-06 09:23:00,2025-01-06 12:09:00,NORMAL,2.45,PENDING
ORD00181,CUST00144,LOC0001,Office Complex,Office-001,13.060792,80.264125,Fragile-Item-41,Fragile,3.13,17.4,True,Ambient,,2025-01-06 09:45:00,2025-01-06 09:28:00,2025-01-06 10:03:00,2025-01-06 12:00:00,LOW,2.12,PENDING
ORD00182,CUST00148,LOC0015,Gated Apartment,Apt-015,13.028934,80.290885,Normal-Item-46,Normal,1.87,3.66,False,Ambient,,2025-01-06 08:25:00,2025-01-06 08:00:00,2025-01-06 08:41:00,2025-01-06 10:05:00,NORMAL,6.11,PENDING
ORD00183,CUST00460,LOC0038,Office Complex,Office-038,13.031562,80.286425,Chemical-Item-41,Chemical,3.88,8.67,False,Ambient,,2025-01-06 12:53:00,2025-01-06 10:49:00,2025-01-06 13:10:00,2025-01-06 15:22:00,NORMAL,3.58,PENDING
ORD00184,CUST00465,LOC0004,Gated Apartment,Apt-004,13.052884,80.2515,Fragile-Item-17,Fragile,1.19,17.91,True,Ambient,,2025-01-06 09:32:00,2025-01-06 09:05:00,2025-01-06 09:50:00,2025-01-06 12:51:00,LOW,4.57,PENDING
ORD00185,CUST00189,LOC0014,Gated Apartment,Apt-014,13.064629,80.286433,Normal-Item-10,Normal,1.43,2.82,False,Ambient,,2025-01-06 11:45:00,2025-01-06 11:19:00,2025-01-06 11:53:00,2025-01-06 14:38:00,NORMAL,5.7,PENDING
ORD00186,CUST00407,LOC0040,Gated Apartment,Apt-040,13.04979,80.299133,Hot Food-Item-11,Hot Food,1.23,9.17,False,Hot,,2025-01-06 10:19:00,2025-01-06 10:17:00,2025-01-06 10:33:00,2025-01-06 12:45:00,LOW,5.35,PENDING
ORD00187,CUST00304,LOC0016,Gated Apartment,Apt-016,13.009653,80.297072,Fragile-Item-4,Fragile,0.87,8.39,True,Ambient,,2025-01-06 09:40:00,2025-01-06 09:15:00,2025-01-06 09:47:00,2025-01-06 12:35:00,NORMAL,6.03,PENDING
ORD00188,CUST00400,LOC0013,Gated Apartment,Apt-013,13.048075,80.298361,Normal-Item-33,Normal,2.17,6.72,False,Ambient,,2025-01-06 10:32:00,2025-01-06 10:27:00,2025-01-06 10:44:00,2025-01-06 13:55:00,NORMAL,5.84,PENDING
ORD00189,CUST00272,LOC0012,Office Complex,Office-012,13.07328,80.221135,Frozen-Item-2,Frozen,2.19,11.39,False,Frozen,,2025-01-06 10:12:00,2025-01-06 09:56:00,2025-01-06 10:20:00,2025-01-06 14:18:00,LOW,2.75,PENDING
ORD00190,CUST00321,LOC0035,Gated Apartment,Apt-035,13.031626,80.224692,Fragile-Item-2,Fragile,1.86,17.18,True,Ambient,,2025-01-06 10:47:00,2025-01-06 10:45:00,2025-01-06 10:59:00,2025-01-06 12:15:00,NORMAL,6.37,PENDING
ORD00191,CUST00421,LOC0035,Gated Apartment,Apt-035,13.032331,80.225591,Normal-Item-39,Normal,2.66,11.91,True,Ambient,,2025-01-06 09:58:00,2025-01-06 09:41:00,2025-01-06 10:13:00,2025-01-06 11:25:00,NORMAL,5.33,PENDING
ORD00192,CUST00288,LOC0021,Office Complex,Office-021,13.0585,80.28758,Normal-Item-11,Normal,1.7,7.55,False,Ambient,,2025-01-06 11:52:00,2025-01-06 11:34:00,2025-01-06 12:03:00,2025-01-06 13:56:00,NORMAL,2.42,PENDING
ORD00193,CUST00203,LOC0031,Gated Apartment,Apt-031,13.057868,80.242031,Normal-Item-40,Normal,3.98,4.06,False,Ambient,,2025-01-06 12:41:00,2025-01-06 11:04:00,2025-01-06 12:53:00,2025-01-06 14:18:00,NORMAL,5.97,PENDING
ORD00194,CUST00472,LOC0022,Office Complex,Office-022,13.021802,80.26735,Fragile-Item-41,Fragile,2.78,18.79,True,Ambient,,2025-01-06 12:27:00,2025-01-06 10:41:00,2025-01-06 12:36:00,2025-01-06 13:38:00,URGENT,4.0,PENDING
ORD00195,CUST00393,LOC0040,Gated Apartment,Apt-040,13.050389,80.299164,Normal-Item-6,Normal,4.06,10.87,True,Ambient,,2025-01-06 09:15:00,2025-01-06 08:52:00,2025-01-06 09:21:00,2025-01-06 10:28:00,NORMAL,2.53,PENDING
ORD00196,CUST00370,LOC0013,Gated Apartment,Apt-013,13.048984,80.298415,Heavy-Item-26,Heavy,12.18,25.78,False,Ambient,,2025-01-06 09:08:00,2025-01-06 08:51:00,2025-01-06 09:25:00,2025-01-06 10:23:00,URGENT,6.45,PENDING
ORD00197,CUST00398,LOC0026,Office Complex,Office-026,13.007236,80.275258,Normal-Item-10,Normal,3.49,9.7,False,Ambient,,2025-01-06 09:38:00,2025-01-06 08:02:00,2025-01-06 09:47:00,2025-01-06 12:01:00,HIGH,5.29,PENDING
ORD00198,CUST00339,LOC0009,Gated Apartment,Apt-009,13.001114,80.287279,Heavy-Item-46,Heavy,6.36,15.57,False,Ambient,,2025-01-06 11:52:00,2025-01-06 11:29:00,2025-01-06 12:05:00,2025-01-06 15:19:00,LOW,2.24,PENDING
ORD00199,CUST00476,LOC0030,Office Complex,Office-030,13.051218,80.265253,Fragile-Item-32,Fragile,1.27,17.19,True,Ambient,,2025-01-06 10:27:00,2025-01-06 10:05:00,2025-01-06 10:35:00,2025-01-06 14:10:00,NORMAL,4.89,PENDING
ORD00200,CUST00188,LOC0025,Office Complex,Office-025,13.059785,80.28436,Frozen-Item-27,Frozen,3.16,8.82,False,Frozen,,2025-01-06 08:22:00,2025-01-06 08:10:00,2025-01-06 08:35:00,2025-01-06 11:55:00,HIGH,3.71,PENDING
ORD00201,CUST00326,LOC0031,Gated Apartment,Apt-031,13.056515,80.241524,Chemical-Item-28,Chemical,5.63,6.32,False,Ambient,,2025-01-06 08:15:00,2025-01-06 08:01:00,2025-01-06 08:27:00,2025-01-06 10:21:00,NORMAL,2.56,PENDING
ORD00202,CUST00001,LOC0031,Gated Apartment,Apt-031,13.056151,80.241926,Fragile-Item-16,Fragile,0.57,8.74,True,Ambient,,2025-01-06 12:46:00,2025-01-06 10:29:00,2025-01-06 12:54:00,2025-01-06 15:49:00,NORMAL,2.73,PENDING
ORD00203,CUST00272,LOC0014,Gated Apartment,Apt-014,13.063499,80.287073,Fragile-Item-49,Fragile,1.28,5.36,True,Ambient,,2025-01-06 12:21:00,2025-01-06 09:58:00,2025-01-06 12:39:00,2025-01-06 16:36:00,HIGH,4.75,PENDING
ORD00204,CUST00029,LOC0017,Gated Apartment,Apt-017,13.039514,80.265264,Heavy-Item-43,Heavy,9.78,22.68,False,Ambient,,2025-01-06 10:17:00,2025-01-06 08:48:00,2025-01-06 10:36:00,2025-01-06 13:39:00,NORMAL,6.15,PENDING
ORD00205,CUST00436,LOC0006,Gated Apartment,Apt-006,13.077602,80.299943,Fragile-Item-8,Fragile,2.86,11.84,True,Ambient,,2025-01-06 09:25:00,2025-01-06 09:19:00,2025-01-06 09:34:00,2025-01-06 12:53:00,HIGH,2.03,PENDING
ORD00206,CUST00236,LOC0007,Office Complex,Office-007,13.057858,80.257611,Heavy-Item-33,Heavy,11.29,22.3,False,Ambient,,2025-01-06 10:39:00,2025-01-06 10:21:00,2025-01-06 10:47:00,2025-01-06 14:17:00,LOW,3.45,PENDING
ORD00207,CUST00094,LOC0001,Office Complex,Office-001,13.059418,80.263516,Chemical-Item-8,Chemical,2.56,10.15,False,Ambient,,2025-01-06 10:48:00,2025-01-06 10:39:00,2025-01-06 10:53:00,2025-01-06 14:47:00,NORMAL,2.69,PENDING
ORD00208,CUST00296,LOC0008,Gated Apartment,Apt-008,13.060228,80.249318,Normal-Item-42,Normal,0.36,4.48,False,Ambient,,2025-01-06 09:40:00,2025-01-06 09:20:00,2025-01-06 09:59:00,2025-01-06 11:06:00,URGENT,3.16,PENDING
ORD00209,CUST00109,LOC0012,Office Complex,Office-012,13.073408,80.219395,Fragile-Item-36,Fragile,1.14,12.04,True,Ambient,,2025-01-06 10:40:00,2025-01-06 08:47:00,2025-01-06 10:51:00,2025-01-06 14:25:00,NORMAL,5.2,PENDING
ORD00210,CUST00411,LOC0034,Gated Apartment,Apt-034,13.023822,80.24356,Normal-Item-3,Normal,3.15,2.66,False,Ambient,,2025-01-06 11:32:00,2025-01-06 09:06:00,2025-01-06 11:45:00,2025-01-06 15:34:00,NORMAL,3.39,PENDING
ORD00211,CUST00267,LOC0019,Gated Apartment,Apt-019,13.065246,80.233994,Heavy-Item-6,Heavy,7.89,34.58,False,Ambient,,2025-01-06 10:53:00,2025-01-06 10:28:00,2025-01-06 10:59:00,2025-01-06 12:50:00,NORMAL,4.65,PENDING
ORD00212,CUST00163,LOC0011,Gated Apartment,Apt-011,13.023175,80.238481,Hot Food-Item-30,Hot Food,2.41,7.89,False,Hot,,2025-01-06 09:33:00,2025-01-06 09:10:00,2025-01-06 09:52:00,2025-01-06 10:54:00,URGENT,3.06,PENDING
ORD00213,CUST00191,LOC0019,Gated Apartment,Apt-019,13.065333,80.233571,Fragile-Item-12,Fragile,1.6,7.12,True,Ambient,,2025-01-06 09:42:00,2025-01-06 09:33:00,2025-01-06 09:54:00,2025-01-06 11:17:00,NORMAL,3.14,PENDING
ORD00214,CUST00231,LOC0029,Gated Apartment,Apt-029,13.00352,80.224462,Normal-Item-11,Normal,1.17,8.36,False,Ambient,,2025-01-06 10:48:00,2025-01-06 10:28:00,2025-01-06 11:04:00,2025-01-06 13:08:00,NORMAL,4.89,PENDING
ORD00215,CUST00070,LOC0036,Office Complex,Office-036,13.007017,80.249573,Normal-Item-12,Normal,3.35,9.83,False,Ambient,,2025-01-06 11:42:00,2025-01-06 11:27:00,2025-01-06 11:54:00,2025-01-06 14:11:00,NORMAL,3.99,PENDING
ORD00216,CUST00453,LOC0003,Office Complex,Office-003,13.06609,80.290663,Normal-Item-38,Normal,1.16,9.32,False,Ambient,,2025-01-06 11:27:00,2025-01-06 09:47:00,2025-01-06 11:46:00,2025-01-06 13:27:00,NORMAL,3.52,PENDING
ORD00217,CUST00085,LOC0011,Gated Apartment,Apt-011,13.022145,80.239256,Normal-Item-45,Normal,0.84,8.59,False,Ambient,,2025-01-06 11:39:00,2025-01-06 11:16:00,2025-01-06 11:55:00,2025-01-06 14:51:00,NORMAL,5.94,PENDING
ORD00218,CUST00320,LOC0006,Gated Apartment,Apt-006,13.077068,80.300691,Normal-Item-22,Normal,0.69,5.9,False,Ambient,,2025-01-06 10:19:00,2025-01-06 09:51:00,2025-01-06 10:38:00,2025-01-06 12:58:00,LOW,5.04,PENDING
ORD00219,CUST00459,LOC0008,Gated Apartment,Apt-008,13.061279,80.249687,Chemical-Item-17,Chemical,3.11,4.55,False,Ambient,,2025-01-06 10:42:00,2025-01-06 10:22:00,2025-01-06 10:58:00,2025-01-06 14:12:00,NORMAL,3.23,PENDING
ORD00220,CUST00360,LOC0003,Office Complex,Office-003,13.068757,80.290129,Normal-Item-4,Normal,2.85,3.29,False,Ambient,,2025-01-06 08:50:00,2025-01-06 08:45:00,2025-01-06 09:01:00,2025-01-06 10:09:00,HIGH,5.42,PENDING
ORD00221,CUST00169,LOC0032,Gated Apartment,Apt-032,13.076041,80.260098,Normal-Item-1,Normal,1.73,3.73,False,Ambient,,2025-01-06 08:19:00,2025-01-06 08:16:00,2025-01-06 08:25:00,2025-01-06 11:44:00,NORMAL,2.83,PENDING
ORD00222,CUST00357,LOC0033,Gated Apartment,Apt-033,13.018925,80.305903,Normal-Item-4,Normal,1.86,2.7,False,Ambient,,2025-01-06 08:44:00,2025-01-06 08:29:00,2025-01-06 08:53:00,2025-01-06 09:54:00,LOW,4.7,PENDING
ORD00223,CUST00019,LOC0008,Gated Apartment,Apt-008,13.061201,80.248912,Normal-Item-25,Normal,3.14,11.87,False,Ambient,,2025-01-06 09:02:00,2025-01-06 08:41:00,2025-01-06 09:08:00,2025-01-06 12:49:00,HIGH,2.02,PENDING
ORD00224,CUST00277,LOC0033,Gated Apartment,Apt-033,13.019524,80.305452,Normal-Item-13,Normal,0.57,2.81,False,Ambient,,2025-01-06 10:03:00,2025-01-06 09:57:00,2025-01-06 10:10:00,2025-01-06 11:17:00,NORMAL,5.15,PENDING
ORD00225,CUST00106,LOC0023,Gated Apartment,Apt-023,13.076688,80.277283,Normal-Item-6,Normal,1.03,11.32,False,Ambient,,2025-01-06 09:41:00,2025-01-06 09:14:00,2025-01-06 09:58:00,2025-01-06 11:10:00,LOW,2.28,PENDING
ORD00226,CUST00406,LOC0007,Office Complex,Office-007,13.058646,80.25891,Frozen-Item-49,Frozen,3.95,5.61,False,Frozen,,2025-01-06 11:07:00,2025-01-06 10:48:00,2025-01-06 11:12:00,2025-01-06 14:07:00,NORMAL,5.42,PENDING
ORD00227,CUST00224,LOC0028,Gated Apartment,Apt-028,12.994275,80.250801,Normal-Item-47,Normal,3.35,6.84,False,Ambient,,2025-01-06 09:02:00,2025-01-06 08:57:00,2025-01-06 09:14:00,2025-01-06 10:03:00,URGENT,2.6,PENDING
ORD00228,CUST00236,LOC0029,Gated Apartment,Apt-029,13.004404,80.223188,Hot Food-Item-47,Hot Food,1.91,9.43,False,Hot,,2025-01-06 11:34:00,2025-01-06 09:17:00,2025-01-06 11:47:00,2025-01-06 14:09:00,LOW,6.37,PENDING
ORD00229,CUST00008,LOC0020,Office Complex,Office-020,13.046033,80.2306,Normal-Item-24,Normal,4.08,3.01,False,Ambient,,2025-01-06 10:49:00,2025-01-06 09:05:00,2025-01-06 10:56:00,2025-01-06 12:01:00,URGENT,2.32,PENDING
ORD00230,CUST00242,LOC0020,Office Complex,Office-020,13.047107,80.231247,Frozen-Item-24,Frozen,5.76,5.54,False,Frozen,,2025-01-06 08:51:00,2025-01-06 08:45:00,2025-01-06 09:05:00,2025-01-06 11:10:00,NORMAL,4.4,PENDING
ORD00231,CUST00310,LOC0002,Gated Apartment,Apt-002,13.030224,80.304608,Normal-Item-36,Normal,0.74,3.91,False,Ambient,,2025-01-06 08:26:00,2025-01-06 08:07:00,2025-01-06 08:32:00,2025-01-06 09:30:00,URGENT,3.59,PENDING
ORD00232,CUST00103,LOC0010,Gated Apartment,Apt-010,13.031441,80.23333,Chemical-Item-2,Chemical,6.29,6.97,False,Ambient,CHE-G3,2025-01-06 10:55:00,2025-01-06 09:56:00,2025-01-06 11:14:00,2025-01-06 13:05:00,NORMAL,2.21,PENDING
ORD00233,CUST00486,LOC0005,Gated Apartment,Apt-005,12.998678,80.30272,Chemical-Item-22,Chemical,4.82,8.17,False,Ambient,CHE-G1,2025-01-06 12:49:00,2025-01-06 11:44:00,2025-01-06 13:05:00,2025-01-06 13:52:00,URGENT,3.4,PENDING
ORD00234,CUST00183,LOC0023,Gated Apartment,Apt-023,13.07716,80.276588,Hot Food-Item-40,Hot Food,1.52,8.94,False,Hot,,2025-01-06 10:28:00,2025-01-06 10:25:00,2025-01-06 10:47:00,2025-01-06 13:30:00,HIGH,3.58,PENDING
ORD00235,CUST00165,LOC0012,Office Complex,Office-012,13.073183,80.219586,Fragile-Item-20,Fragile,1.69,17.33,True,Ambient,,2025-01-06 10:30:00,2025-01-06 09:29:00,2025-01-06 10:47:00,2025-01-06 14:18:00,NORMAL,5.48,PENDING
ORD00236,CUST00292,LOC0036,Office Complex,Office-036,13.007696,80.247895,Normal-Item-29,Normal,2.63,5.56,False,Ambient,,2025-01-06 08:26:00,2025-01-06 08:09:00,2025-01-06 08:41:00,2025-01-06 10:59:00,NORMAL,4.68,PENDING
ORD00237,CUST00263,LOC0028,Gated Apartment,Apt-028,12.994506,80.250981,Heavy-Item-23,Heavy,7.22,23.82,False,Ambient,,2025-01-06 10:09:00,2025-01-06 10:06:00,2025-01-06 10:24:00,2025-01-06 11:36:00,NORMAL,6.12,PENDING
ORD00238,CUST00124,LOC0006,Gated Apartment,Apt-006,13.078487,80.300941,Chemical-Item-37,Chemical,4.9,4.03,False,Ambient,CHE-G3,2025-01-06 11:55:00,2025-01-06 11:27:00,2025-01-06 12:14:00,2025-01-06 13:25:00,NORMAL,6.38,PENDING
ORD00239,CUST00126,LOC0030,Office Complex,Office-030,13.050343,80.263433,Heavy-Item-49,Heavy,11.83,16.38,False,Ambient,,2025-01-06 08:41:00,2025-01-06 08:26:00,2025-01-06 08:59:00,2025-01-06 11:30:00,LOW,4.28,PENDING
ORD00240,CUST00137,LOC0006,Gated Apartment,Apt-006,13.07796,80.300583,Fragile-Item-33,Fragile,0.69,9.49,True,Ambient,,2025-01-06 10:36:00,2025-01-06 10:28:00,2025-01-06 10:41:00,2025-01-06 14:20:00,HIGH,3.54,PENDING
ORD00241,CUST00281,LOC0015,Gated Apartment,Apt-015,13.030007,80.290483,Normal-Item-30,Normal,4.43,11.24,False,Ambient,,2025-01-06 10:13:00,2025-01-06 10:06:00,2025-01-06 10:26:00,2025-01-06 11:30:00,NORMAL,3.48,PENDING
ORD00242,CUST00406,LOC0024,Office Complex,Office-024,13.070376,80.296135,Normal-Item-28,Normal,1.18,2.4,False,Ambient,,2025-01-06 08:50:00,2025-01-06 08:24:00,2025-01-06 08:58:00,2025-01-06 11:23:00,NORMAL,5.11,PENDING
ORD00243,CUST00375,LOC0007,Office Complex,Office-007,13.058196,80.258104,Frozen-Item-39,Frozen,5.69,13.93,True,Frozen,,2025-01-06 12:06:00,2025-01-06 11:57:00,2025-01-06 12:17:00,2025-01-06 15:39:00,HIGH,5.57,PENDING
ORD00244,CUST00170,LOC0039,Gated Apartment,Apt-039,13.009512,80.274955,Normal-Item-35,Normal,2.4,7.52,False,Ambient,,2025-01-06 09:47:00,2025-01-06 09:30:00,2025-01-06 09:54:00,2025-01-06 13:44:00,LOW,3.99,PENDING
ORD00245,CUST00428,LOC0022,Office Complex,Office-022,13.021692,80.266446,Frozen-Item-37,Frozen,4.38,12.21,False,Frozen,,2025-01-06 10:57:00,2025-01-06 10:47:00,2025-01-06 11:10:00,2025-01-06 12:23:00,URGENT,4.75,PENDING
ORD00246,CUST00232,LOC0031,Gated Apartment,Apt-031,13.058155,80.241934,Normal-Item-14,Normal,4.31,6.14,False,Ambient,,2025-01-06 09:34:00,2025-01-06 09:32:00,2025-01-06 09:50:00,2025-01-06 12:39:00,NORMAL,5.07,PENDING
ORD00247,CUST00055,LOC0005,Gated Apartment,Apt-005,12.998252,80.30389,Chemical-Item-46,Chemical,7.43,9.55,False,Ambient,,2025-01-06 12:00:00,2025-01-06 11:57:00,2025-01-06 12:13:00,2025-01-06 15:50:00,NORMAL,3.71,PENDING
ORD00248,CUST00116,LOC0007,Office Complex,Office-007,13.058366,80.259211,Hot Food-Item-15,Hot Food,1.71,3.34,True,Hot,,2025-01-06 08:21:00,2025-01-06 08:06:00,2025-01-06 08:35:00,2025-01-06 10:46:00,NORMAL,2.7,PENDING
ORD00249,CUST00172,LOC0022,Office Complex,Office-022,13.022565,80.26744,Normal-Item-47,Normal,1.85,6.71,False,Ambient,,2025-01-06 11:38:00,2025-01-06 11:32:00,2025-01-06 11:44:00,2025-01-06 14:03:00,LOW,4.34,PENDING
ORD00250,CUST00113,LOC0020,Office Complex,Office-020,13.046904,80.231311,Chemical-Item-16,Chemical,5.36,7.14,False,Ambient,,2025-01-06 10:41:00,2025-01-06 10:25:00,2025-01-06 10:50:00,2025-01-06 14:23:00,LOW,4.17,PENDING
ORD00251,CUST00383,LOC0010,Gated Apartment,Apt-010,13.030389,80.234769,Normal-Item-20,Normal,1.81,5.87,False,Ambient,,2025-01-06 09:35:00,2025-01-06 09:13:00,2025-01-06 09:51:00,2025-01-06 10:37:00,URGENT,5.56,PENDING
ORD00252,CUST00284,LOC0037,Office Complex,Office-037,13.001616,80.249573,Hot Food-Item-43,Hot Food,1.48,6.39,False,Hot,,2025-01-06 09:43:00,2025-01-06 09:33:00,2025-01-06 09:55:00,2025-01-06 10:57:00,LOW,6.49,PENDING
ORD00253,CUST00113,LOC0010,Gated Apartment,Apt-010,13.029741,80.233051,Normal-Item-1,Normal,0.91,7.01,False,Ambient,,2025-01-06 10:08:00,2025-01-06 09:45:00,2025-01-06 10:13:00,2025-01-06 11:20:00,NORMAL,4.95,PENDING
ORD00254,CUST00171,LOC0036,Office Complex,Office-036,13.00696,80.248381,Heavy-Item-28,Heavy,12.25,22.31,False,Ambient,,2025-01-06 11:31:00,2025-01-06 11:21:00,2025-01-06 11:46:00,2025-01-06 14:29:00,NORMAL,5.01,PENDING
ORD00255,CUST00411,LOC0037,Office Complex,Office-037,13.002249,80.249208,Normal-Item-32,Normal,0.8,11.65,False,Ambient,,2025-01-06 10:49:00,2025-01-06 10:34:00,2025-01-06 11:02:00,2025-01-06 12:04:00,URGENT,2.97,PENDING
ORD00256,CUST00455,LOC0012,Office Complex,Office-012,13.073919,80.221172,Normal-Item-16,Normal,4.13,3.76,False,Ambient,,2025-01-06 11:04:00,2025-01-06 10:41:00,2025-01-06 11:15:00,2025-01-06 14:55:00,NORMAL,2.95,PENDING
ORD00257,CUST00210,LOC0035,Gated Apartment,Apt-035,13.032307,80.225793,Normal-Item-6,Normal,2.26,10.79,False,Ambient,,2025-01-06 08:46:00,2025-01-06 08:19:00,2025-01-06 09:04:00,2025-01-06 11:19:00,NORMAL,2.95,PENDING
ORD00258,CUST00001,LOC0024,Office Complex,Office-024,13.070038,80.295435,Normal-Item-9,Normal,3.17,4.96,False,Ambient,,2025-01-06 12:05:00,2025-01-06 11:41:00,2025-01-06 12:14:00,2025-01-06 13:22:00,NORMAL,5.32,PENDING
ORD00259,CUST00376,LOC0004,Gated Apartment,Apt-004,13.052304,80.250889,Normal-Item-24,Normal,1.94,11.52,False,Ambient,,2025-01-06 09:05:00,2025-01-06 08:44:00,2025-01-06 09:10:00,2025-01-06 11:23:00,HIGH,3.91,PENDING
ORD00260,CUST00358,LOC0001,Office Complex,Office-001,13.059618,80.264928,Normal-Item-43,Normal,4.45,4.44,False,Ambient,,2025-01-06 13:52:00,2025-01-06 11:56:00,2025-01-06 14:00:00,2025-01-06 17:13:00,NORMAL,5.3,PENDING
ORD00261,CUST00216,LOC0024,Office Complex,Office-024,13.070523,80.295692,Hot Food-Item-30,Hot Food,2.58,8.11,False,Hot,,2025-01-06 11:19:00,2025-01-06 11:01:00,2025-01-06 11:31:00,2025-01-06 13:31:00,NORMAL,5.69,PENDING
ORD00262,CUST00323,LOC0010,Gated Apartment,Apt-010,13.030909,80.234184,Frozen-Item-11,Frozen,4.78,14.3,False,Frozen,,2025-01-06 10:05:00,2025-01-06 09:47:00,2025-01-06 10:13:00,2025-01-06 12:28:00,LOW,5.58,PENDING
ORD00263,CUST00256,LOC0033,Gated Apartment,Apt-033,13.01933,80.30468,Normal-Item-19,Normal,3.67,4.5,False,Ambient,,2025-01-06 10:20:00,2025-01-06 10:02:00,2025-01-06 10:28:00,2025-01-06 11:35:00,URGENT,4.03,PENDING
ORD00264,CUST00213,LOC0014,Gated Apartment,Apt-014,13.064096,80.286105,Normal-Item-39,Normal,1.61,11.28,False,Ambient,,2025-01-06 09:05:00,2025-01-06 08:36:00,2025-01-06 09:14:00,2025-01-06 10:06:00,URGENT,2.26,PENDING
ORD00265,CUST00379,LOC0009,Gated Apartment,Apt-009,13.000737,80.289019,Heavy-Item-14,Heavy,14.46,34.23,False,Ambient,,2025-01-06 10:53:00,2025-01-06 10:38:00,2025-01-06 11:09:00,2025-01-06 12:33:00,NORMAL,6.33,PENDING
ORD00266,CUST00051,LOC0038,Office Complex,Office-038,13.032728,80.286025,Normal-Item-28,Normal,2.77,11.28,False,Ambient,,2025-01-06 10:11:00,2025-01-06 10:06:00,2025-01-06 10:26:00,2025-01-06 11:35:00,NORMAL,2.69,PENDING
ORD00267,CUST00079,LOC0020,Office Complex,Office-020,13.046878,80.231871,Normal-Item-13,Normal,1.59,2.16,False,Ambient,,2025-01-06 11:22:00,2025-01-06 11:06:00,2025-01-06 11:29:00,2025-01-06 12:15:00,URGENT,5.0,PENDING
ORD00268,CUST00316,LOC0032,Gated Apartment,Apt-032,13.077118,80.260585,Fragile-Item-38,Fragile,0.98,13.46,True,Ambient,,2025-01-06 08:56:00,2025-01-06 08:53:00,2025-01-06 09:02:00,2025-01-06 11:21:00,NORMAL,5.78,PENDING
ORD00269,CUST00235,LOC0023,Gated Apartment,Apt-023,13.078142,80.276354,Frozen-Item-38,Frozen,3.72,6.98,False,Frozen,,2025-01-06 08:26:00,2025-01-06 08:07:00,2025-01-06 08:40:00,2025-01-06 11:39:00,NORMAL,3.31,PENDING
ORD00270,CUST00264,LOC0032,Gated Apartment,Apt-032,13.077258,80.261207,Normal-Item-21,Normal,3.51,8.43,False,Ambient,,2025-01-06 08:35:00,2025-01-06 08:16:00,2025-01-06 08:49:00,2025-01-06 12:07:00,NORMAL,3.27,PENDING
ORD00271,CUST00172,LOC0034,Gated Apartment,Apt-034,13.022798,80.24367,Heavy-Item-1,Heavy,7.98,31.09,False,Ambient,,2025-01-06 09:47:00,2025-01-06 09:33:00,2025-01-06 09:53:00,2025-01-06 11:34:00,HIGH,6.27,PENDING
ORD00272,CUST00408,LOC0011,Gated Apartment,Apt-011,13.024301,80.239766,Heavy-Item-21,Heavy,10.2,22.41,False,Ambient,,2025-01-06 09:35:00,2025-01-06 08:39:00,2025-01-06 09:43:00,2025-01-06 11:23:00,NORMAL,2.09,PENDING
ORD00273,CUST00331,LOC0019,Gated Apartment,Apt-019,13.064667,80.234569,Fragile-Item-47,Fragile,3.91,5.59,True,Ambient,,2025-01-06 10:55:00,2025-01-06 10:51:00,2025-01-06 11:12:00,2025-01-06 12:37:00,NORMAL,4.32,PENDING
ORD00274,CUST00229,LOC0025,Office Complex,Office-025,13.060165,80.284408,Normal-Item-44,Normal,2.18,3.33,False,Ambient,,2025-01-06 09:49:00,2025-01-06 09:43:00,2025-01-06 09:55:00,2025-01-06 12:27:00,NORMAL,5.66,PENDING
ORD00275,CUST00215,LOC0007,Office Complex,Office-007,13.057922,80.260034,Fragile-Item-14,Fragile,3.53,10.8,True,Ambient,,2025-01-06 10:08:00,2025-01-06 10:02:00,2025-01-06 10:17:00,2025-01-06 13:45:00,NORMAL,2.98,PENDING
ORD00276,CUST00035,LOC0037,Office Complex,Office-037,13.000292,80.249303,Normal-Item-13,Normal,2.93,7.37,False,Ambient,,2025-01-06 08:28:00,2025-01-06 08:23:00,2025-01-06 08:36:00,2025-01-06 09:51:00,NORMAL,4.24,PENDING
ORD00277,CUST00437,LOC0017,Gated Apartment,Apt-017,13.04015,80.265163,Normal-Item-31,Normal,0.64,3.86,False,Ambient,,2025-01-06 10:24:00,2025-01-06 09:59:00,2025-01-06 10:31:00,2025-01-06 11:57:00,NORMAL,3.33,PENDING
ORD00278,CUST00168,LOC0038,Office Complex,Office-038,13.033054,80.285518,Frozen-Item-5,Frozen,1.34,10.53,False,Frozen,,2025-01-06 10:55:00,2025-01-06 08:31:00,2025-01-06 11:07:00,2025-01-06 13:05:00,NORMAL,3.23,PENDING
ORD00279,CUST00070,LOC0003,Office Complex,Office-003,13.067117,80.289591,Chemical-Item-3,Chemical,2.01,7.22,False,Ambient,,2025-01-06 10:24:00,2025-01-06 08:34:00,2025-01-06 10:32:00,2025-01-06 11:36:00,URGENT,4.22,PENDING
ORD00280,CUST00004,LOC0024,Office Complex,Office-024,13.070242,80.295529,Normal-Item-12,Normal,2.05,2.72,False,Ambient,,2025-01-06 08:47:00,2025-01-06 08:32:00,2025-01-06 09:00:00,2025-01-06 10:12:00,LOW,3.46,PENDING
ORD00281,CUST00077,LOC0034,Gated Apartment,Apt-034,13.022951,80.243527,Normal-Item-49,Normal,1.15,9.16,False,Ambient,,2025-01-06 10:01:00,2025-01-06 09:48:00,2025-01-06 10:09:00,2025-01-06 13:40:00,NORMAL,2.73,PENDING
ORD00282,CUST00208,LOC0007,Office Complex,Office-007,13.058956,80.258959,Chemical-Item-16,Chemical,1.3,7.65,False,Ambient,,2025-01-06 10:44:00,2025-01-06 10:35:00,2025-01-06 10:53:00,2025-01-06 11:59:00,URGENT,3.0,PENDING
ORD00283,CUST00196,LOC0011,Gated Apartment,Apt-011,13.024114,80.23996,Heavy-Item-3,Heavy,11.97,24.6,False,Ambient,,2025-01-06 11:54:00,2025-01-06 11:47:00,2025-01-06 12:04:00,2025-01-06 13:05:00,NORMAL,3.41,PENDING
ORD00284,CUST00091,LOC0033,Gated Apartment,Apt-033,13.018947,80.304843,Normal-Item-33,Normal,3.84,3.35,False,Ambient,,2025-01-06 11:15:00,2025-01-06 11:00:00,2025-01-06 11:25:00,2025-01-06 13:56:00,NORMAL,6.27,PENDING
ORD00285,CUST00060,LOC0027,Gated Apartment,Apt-027,13.032146,80.276941,Hot Food-Item-41,Hot Food,1.23,9.67,False,Hot,,2025-01-06 11:33:00,2025-01-06 11:18:00,2025-01-06 11:52:00,2025-01-06 14:01:00,NORMAL,5.55,PENDING
ORD00286,CUST00084,LOC0037,Office Complex,Office-037,13.001957,80.250077,Normal-Item-19,Normal,2.15,8.47,False,Ambient,,2025-01-06 13:02:00,2025-01-06 11:59:00,2025-01-06 13:13:00,2025-01-06 14:30:00,NORMAL,4.03,PENDING
ORD00287,CUST00418,LOC0005,Gated Apartment,Apt-005,12.998628,80.303763,Fragile-Item-11,Fragile,3.73,13.09,True,Ambient,,2025-01-06 09:20:00,2025-01-06 09:14:00,2025-01-06 09:26:00,2025-01-06 12:26:00,HIGH,2.84,PENDING
ORD00288,CUST00295,LOC0024,Office Complex,Office-024,13.070313,80.297405,Heavy-Item-45,Heavy,12.18,33.1,False,Ambient,,2025-01-06 10:41:00,2025-01-06 10:21:00,2025-01-06 10:56:00,2025-01-06 12:49:00,LOW,5.28,PENDING
ORD00289,CUST00399,LOC0025,Office Complex,Office-025,13.05932,80.283195,Frozen-Item-3,Frozen,3.5,12.45,False,Frozen,,2025-01-06 11:29:00,2025-01-06 11:18:00,2025-01-06 11:46:00,2025-01-06 14:42:00,NORMAL,5.99,PENDING
ORD00290,CUST00040,LOC0021,Office Complex,Office-021,13.05765,80.286751,Fragile-Item-42,Fragile,3.29,18.63,True,Ambient,,2025-01-06 10:55:00,2025-01-06 10:33:00,2025-01-06 11:02:00,2025-01-06 12:17:00,NORMAL,4.26,PENDING
ORD00291,CUST00345,LOC0026,Office Complex,Office-026,13.007743,80.275877,Fragile-Item-24,Fragile,0.62,10.74,True,Ambient,,2025-01-06 09:46:00,2025-01-06 09:33:00,2025-01-06 09:54:00,2025-01-06 10:41:00,URGENT,3.96,PENDING
ORD00292,CUST00082,LOC0019,Gated Apartment,Apt-019,13.063158,80.233848,Fragile-Item-32,Fragile,0.52,18.62,True,Ambient,,2025-01-06 08:11:00,2025-01-06 08:08:00,2025-01-06 08:25:00,2025-01-06 10:44:00,NORMAL,3.78,PENDING
ORD00293,CUST00306,LOC0040,Gated Apartment,Apt-040,13.05033,80.298167,Fragile-Item-9,Fragile,2.11,19.43,True,Ambient,,2025-01-06 09:46:00,2025-01-06 09:36:00,2025-01-06 10:05:00,2025-01-06 12:33:00,NORMAL,6.44,PENDING
ORD00294,CUST00497,LOC0030,Office Complex,Office-030,13.051965,80.263934,Normal-Item-28,Normal,3.59,6.84,False,Ambient,,2025-01-06 14:01:00,2025-01-06 11:52:00,2025-01-06 14:20:00,2025-01-06 15:34:00,HIGH,5.26,PENDING
ORD00295,CUST00307,LOC0040,Gated Apartment,Apt-040,13.050301,80.298725,Normal-Item-34,Normal,4.46,3.75,False,Ambient,,2025-01-06 10:07:00,2025-01-06 10:04:00,2025-01-06 10:24:00,2025-01-06 11:11:00,URGENT,5.36,PENDING
ORD00296,CUST00128,LOC0003,Office Complex,Office-003,13.067722,80.289974,Normal-Item-34,Normal,1.25,8.99,False,Ambient,,2025-01-06 09:47:00,2025-01-06 08:15:00,2025-01-06 09:53:00,2025-01-06 11:13:00,NORMAL,6.39,PENDING
ORD00297,CUST00366,LOC0030,Office Complex,Office-030,13.050869,80.263855,Normal-Item-24,Normal,1.33,10.73,False,Ambient,,2025-01-06 09:48:00,2025-01-06 09:20:00,2025-01-06 10:01:00,2025-01-06 11:15:00,LOW,5.48,PENDING
ORD00298,CUST00488,LOC0016,Gated Apartment,Apt-016,13.010677,80.29757,Hot Food-Item-10,Hot Food,1.84,7.59,False,Hot,,2025-01-06 12:20:00,2025-01-06 11:55:00,2025-01-06 12:31:00,2025-01-06 14:47:00,NORMAL,2.09,PENDING
ORD00299,CUST00443,LOC0012,Office Complex,Office-012,13.072726,80.220122,Normal-Item-35,Normal,2.79,10.46,False,Ambient,,2025-01-06 10:18:00,2025-01-06 08:35:00,2025-01-06 10:29:00,2025-01-06 13:51:00,NORMAL,3.27,PENDING
ORD00300,CUST00469,LOC0021,Office Complex,Office-021,13.057756,80.287563,Normal-Item-42,Normal,4.13,9.93,False,Ambient,,2025-01-06 10:30:00,2025-01-06 10:01:00,2025-01-06 10:36:00,2025-01-06 11:42:00,LOW,3.82,PENDING
ORD00301,CUST00043,LOC0039,Gated Apartment,Apt-039,13.00982,80.27647,Normal-Item-26,Normal,3.19,3.3,False,Ambient,,2025-01-06 08:28:00,2025-01-06 08:01:00,2025-01-06 08:46:00,2025-01-06 10:53:00,LOW,2.29,PENDING
ORD00302,CUST00196,LOC0033,Gated Apartment,Apt-033,13.019998,80.305134,Normal-Item-28,Normal,2.39,7.89,False,Ambient,,2025-01-06 09:32:00,2025-01-06 09:11:00,2025-01-06 09:41:00,2025-01-06 10:51:00,LOW,2.57,PENDING
ORD00303,CUST00426,LOC0001,Office Complex,Office-001,13.06063,80.264041,Fragile-Item-3,Fragile,3.29,8.88,True,Ambient,,2025-01-06 10:39:00,2025-01-06 10:30:00,2025-01-06 10:44:00,2025-01-06 12:26:00,LOW,3.79,PENDING
ORD00304,CUST00014,LOC0025,Office Complex,Office-025,13.060414,80.283594,Normal-Item-42,Normal,1.25,7.51,False,Ambient,,2025-01-06 08:26:00,2025-01-06 08:04:00,2025-01-06 08:40:00,2025-01-06 10:08:00,HIGH,4.13,PENDING
ORD00305,CUST00383,LOC0039,Gated Apartment,Apt-039,13.010551,80.276004,Fragile-Item-28,Fragile,3.34,6.91,True,Ambient,,2025-01-06 10:01:00,2025-01-06 08:05:00,2025-01-06 10:14:00,2025-01-06 14:12:00,NORMAL,5.95,PENDING
ORD00306,CUST00465,LOC0008,Gated Apartment,Apt-008,13.061417,80.248553,Normal-Item-33,Normal,3.38,2.52,False,Ambient,,2025-01-06 09:18:00,2025-01-06 08:57:00,2025-01-06 09:32:00,2025-01-06 12:55:00,NORMAL,4.44,PENDING
ORD00307,CUST00085,LOC0016,Gated Apartment,Apt-016,13.010688,80.297841,Fragile-Item-12,Fragile,1.01,11.48,True,Ambient,,2025-01-06 10:20:00,2025-01-06 09:54:00,2025-01-06 10:26:00,2025-01-06 12:35:00,NORMAL,5.26,PENDING
ORD00308,CUST00269,LOC0002,Gated Apartment,Apt-002,13.029421,80.303516,Fragile-Item-10,Fragile,1.62,8.38,True,Ambient,,2025-01-06 09:07:00,2025-01-06 08:52:00,2025-01-06 09:19:00,2025-01-06 11:20:00,NORMAL,4.62,PENDING
ORD00309,CUST00137,LOC0010,Gated Apartment,Apt-010,13.030101,80.233618,Normal-Item-24,Normal,2.36,3.8,False,Ambient,,2025-01-06 11:01:00,2025-01-06 10:36:00,2025-01-06 11:17:00,2025-01-06 12:34:00,NORMAL,4.11,PENDING
ORD00310,CUST00339,LOC0016,Gated Apartment,Apt-016,13.010819,80.297748,Hot Food-Item-26,Hot Food,0.91,5.6,False,Hot,,2025-01-06 11:13:00,2025-01-06 10:51:00,2025-01-06 11:32:00,2025-01-06 12:48:00,NORMAL,2.01,PENDING
ORD00311,CUST00154,LOC0021,Office Complex,Office-021,13.058569,80.285778,Normal-Item-37,Normal,3.08,5.79,False,Ambient,,2025-01-06 11:26:00,2025-01-06 10:27:00,2025-01-06 11:34:00,2025-01-06 12:47:00,URGENT,6.06,PENDING
ORD00312,CUST00338,LOC0024,Office Complex,Office-024,13.069158,80.297173,Fragile-Item-45,Fragile,3.4,8.54,True,Ambient,,2025-01-06 09:24:00,2025-01-06 09:14:00,2025-01-06 09:33:00,2025-01-06 10:27:00,URGENT,5.95,PENDING
ORD00313,CUST00167,LOC0028,Gated Apartment,Apt-028,12.993064,80.249779,Fragile-Item-35,Fragile,2.44,5.3,True,Ambient,,2025-01-06 09:48:00,2025-01-06 09:31:00,2025-01-06 10:07:00,2025-01-06 12:19:00,NORMAL,2.67,PENDING
ORD00314,CUST00461,LOC0033,Gated Apartment,Apt-033,13.019242,80.305782,Normal-Item-14,Normal,2.25,5.27,False,Ambient,,2025-01-06 10:45:00,2025-01-06 10:39:00,2025-01-06 11:04:00,2025-01-06 15:02:00,NORMAL,6.08,PENDING
ORD00315,CUST00432,LOC0038,Office Complex,Office-038,13.033098,80.285776,Heavy-Item-38,Heavy,10.83,19.76,False,Ambient,,2025-01-06 10:12:00,2025-01-06 09:58:00,2025-01-06 10:23:00,2025-01-06 12:58:00,NORMAL,3.26,PENDING
ORD00316,CUST00046,LOC0012,Office Complex,Office-012,13.073448,80.220458,Fragile-Item-38,Fragile,2.34,17.76,True,Ambient,,2025-01-06 11:19:00,2025-01-06 08:50:00,2025-01-06 11:38:00,2025-01-06 14:25:00,NORMAL,5.85,PENDING
ORD00317,CUST00258,LOC0031,Gated Apartment,Apt-031,13.05601,80.242315,Fragile-Item-12,Fragile,0.96,10.96,True,Ambient,,2025-01-06 10:54:00,2025-01-06 10:28:00,2025-01-06 11:01:00,2025-01-06 14:29:00,NORMAL,5.95,PENDING
ORD00318,CUST00483,LOC0013,Gated Apartment,Apt-013,13.047346,80.299129,Normal-Item-34,Normal,1.7,9.63,False,Ambient,,2025-01-06 11:00:00,2025-01-06 10:56:00,2025-01-06 11:11:00,2025-01-06 14:33:00,LOW,5.26,PENDING
ORD00319,CUST00025,LOC0027,Gated Apartment,Apt-027,13.032496,80.275082,Normal-Item-8,Normal,3.37,6.81,False,Ambient,,2025-01-06 11:51:00,2025-01-06 11:04:00,2025-01-06 12:05:00,2025-01-06 15:53:00,HIGH,2.13,PENDING
ORD00320,CUST00430,LOC0015,Gated Apartment,Apt-015,13.029101,80.29076,Normal-Item-38,Normal,4.91,4.52,False,Ambient,,2025-01-06 11:04:00,2025-01-06 09:50:00,2025-01-06 11:16:00,2025-01-06 14:30:00,HIGH,5.36,PENDING
ORD00321,CUST00288,LOC0015,Gated Apartment,Apt-015,13.029718,80.291973,Chemical-Item-22,Chemical,2.7,4.74,False,Ambient,,2025-01-06 11:05:00,2025-01-06 10:48:00,2025-01-06 11:19:00,2025-01-06 15:08:00,HIGH,3.37,PENDING
ORD00322,CUST00036,LOC0034,Gated Apartment,Apt-034,13.0236,80.243532,Normal-Item-25,Normal,4.16,2.79,False,Ambient,,2025-01-06 10:25:00,2025-01-06 10:21:00,2025-01-06 10:41:00,2025-01-06 14:38:00,LOW,5.46,PENDING
ORD00323,CUST00199,LOC0008,Gated Apartment,Apt-008,13.060459,80.247541,Normal-Item-18,Normal,2.63,9.3,False,Ambient,,2025-01-06 11:37:00,2025-01-06 11:32:00,2025-01-06 11:56:00,2025-01-06 13:37:00,NORMAL,4.8,PENDING
ORD00324,CUST00276,LOC0027,Gated Apartment,Apt-027,13.031903,80.276684,Heavy-Item-15,Heavy,8.9,32.14,False,Ambient,,2025-01-06 10:56:00,2025-01-06 10:52:00,2025-01-06 11:02:00,2025-01-06 14:16:00,NORMAL,3.45,PENDING
ORD00325,CUST00311,LOC0023,Gated Apartment,Apt-023,13.076729,80.276715,Fragile-Item-9,Fragile,1.25,19.08,True,Ambient,,2025-01-06 10:14:00,2025-01-06 09:47:00,2025-01-06 10:32:00,2025-01-06 11:36:00,URGENT,5.82,PENDING
ORD00326,CUST00062,LOC0011,Gated Apartment,Apt-011,13.023592,80.239442,Normal-Item-1,Normal,2.4,5.26,False,Ambient,,2025-01-06 12:41:00,2025-01-06 10:48:00,2025-01-06 12:48:00,2025-01-06 14:52:00,NORMAL,2.9,PENDING
ORD00327,CUST00208,LOC0014,Gated Apartment,Apt-014,13.063557,80.287082,Chemical-Item-23,Chemical,7.43,4.15,False,Ambient,,2025-01-06 09:12:00,2025-01-06 09:05:00,2025-01-06 09:29:00,2025-01-06 10:48:00,HIGH,5.92,PENDING
ORD00328,CUST00225,LOC0007,Office Complex,Office-007,13.058694,80.258611,Heavy-Item-16,Heavy,14.25,24.1,False,Ambient,,2025-01-06 10:03:00,2025-01-06 09:45:00,2025-01-06 10:13:00,2025-01-06 13:55:00,NORMAL,2.71,PENDING
ORD00329,CUST00380,LOC0002,Gated Apartment,Apt-002,13.029686,80.30353,Normal-Item-21,Normal,0.82,3.32,False,Ambient,,2025-01-06 11:00:00,2025-01-06 10:38:00,2025-01-06 11:19:00,2025-01-06 12:14:00,URGENT,5.32,PENDING
ORD00330,CUST00490,LOC0035,Gated Apartment,Apt-035,13.031236,80.225555,Frozen-Item-22,Frozen,3.36,6.69,False,Frozen,,2025-01-06 11:35:00,2025-01-06 11:10:00,2025-01-06 11:42:00,2025-01-06 14:28:00,NORMAL,5.49,PENDING
ORD00331,CUST00097,LOC0034,Gated Apartment,Apt-034,13.023787,80.24342,Normal-Item-17,Normal,2.31,3.67,False,Ambient,,2025-01-06 09:25:00,2025-01-06 09:11:00,2025-01-06 09:33:00,2025-01-06 11:21:00,LOW,3.55,PENDING
ORD00332,CUST00202,LOC0006,Gated Apartment,Apt-006,13.078801,80.298789,Normal-Item-45,Normal,2.85,4.67,False,Ambient,,2025-01-06 11:08:00,2025-01-06 11:05:00,2025-01-06 11:13:00,2025-01-06 14:17:00,NORMAL,3.42,PENDING
ORD00333,CUST00036,LOC0036,Office Complex,Office-036,13.005996,80.247199,Frozen-Item-45,Frozen,4.41,4.54,False,Frozen,,2025-01-06 11:56:00,2025-01-06 11:38:00,2025-01-06 12:04:00,2025-01-06 15:01:00,NORMAL,2.16,PENDING
ORD00334,CUST00431,LOC0005,Gated Apartment,Apt-005,12.997975,80.303191,Normal-Item-25,Normal,2.79,5.64,False,Ambient,,2025-01-06 11:42:00,2025-01-06 11:15:00,2025-01-06 11:53:00,2025-01-06 13:42:00,LOW,4.26,PENDING
ORD00335,CUST00004,LOC0007,Office Complex,Office-007,13.057936,80.257774,Normal-Item-37,Normal,3.4,7.7,False,Ambient,,2025-01-06 09:48:00,2025-01-06 09:45:00,2025-01-06 10:02:00,2025-01-06 13:54:00,HIGH,2.34,PENDING
ORD00336,CUST00227,LOC0012,Office Complex,Office-012,13.0735,80.220902,Heavy-Item-25,Heavy,8.78,34.95,False,Ambient,,2025-01-06 09:10:00,2025-01-06 08:52:00,2025-01-06 09:25:00,2025-01-06 10:47:00,NORMAL,5.08,PENDING
ORD00337,CUST00231,LOC0038,Office Complex,Office-038,13.031913,80.286075,Normal-Item-36,Normal,1.15,3.88,False,Ambient,,2025-01-06 12:06:00,2025-01-06 11:49:00,2025-01-06 12:22:00,2025-01-06 13:31:00,NORMAL,5.67,PENDING
ORD00338,CUST00451,LOC0024,Office Complex,Office-024,13.069293,80.296661,Normal-Item-28,Normal,3.02,7.18,False,Ambient,,2025-01-06 11:43:00,2025-01-06 11:27:00,2025-01-06 11:51:00,2025-01-06 14:04:00,HIGH,4.43,PENDING
ORD00339,CUST00341,LOC0019,Gated Apartment,Apt-019,13.064272,80.234152,Frozen-Item-20,Frozen,3.06,8.42,False,Frozen,,2025-01-06 11:04:00,2025-01-06 10:39:00,2025-01-06 11:20:00,2025-01-06 13:05:00,NORMAL,5.33,PENDING
ORD00340,CUST00374,LOC0001,Office Complex,Office-001,13.061001,80.262371,Normal-Item-38,Normal,1.03,10.79,False,Ambient,,2025-01-06 10:44:00,2025-01-06 10:35:00,2025-01-06 10:57:00,2025-01-06 12:56:00,NORMAL,2.61,PENDING
ORD00341,CUST00136,LOC0003,Office Complex,Office-003,13.067726,80.289288,Normal-Item-30,Normal,0.71,11.5,False,Ambient,,2025-01-06 11:32:00,2025-01-06 11:13:00,2025-01-06 11:37:00,2025-01-06 13:56:00,NORMAL,5.49,PENDING
ORD00342,CUST00161,LOC0012,Office Complex,Office-012,13.075123,80.220917,Normal-Item-19,Normal,2.38,8.35,False,Ambient,,2025-01-06 10:15:00,2025-01-06 10:07:00,2025-01-06 10:24:00,2025-01-06 13:21:00,NORMAL,5.06,PENDING
ORD00343,CUST00140,LOC0038,Office Complex,Office-038,13.032671,80.286621,Heavy-Item-10,Heavy,9.06,32.2,False,Ambient,,2025-01-06 11:19:00,2025-01-06 10:23:00,2025-01-06 11:34:00,2025-01-06 15:32:00,LOW,3.99,PENDING
ORD00344,CUST00256,LOC0020,Office Complex,Office-020,13.047197,80.230418,Normal-Item-6,Normal,2.68,10.89,False,Ambient,,2025-01-06 11:05:00,2025-01-06 10:50:00,2025-01-06 11:12:00,2025-01-06 14:31:00,LOW,5.96,PENDING
ORD00345,CUST00204,LOC0032,Gated Apartment,Apt-032,13.077321,80.261178,Fragile-Item-29,Fragile,1.86,19.12,True,Ambient,,2025-01-06 08:31:00,2025-01-06 08:28:00,2025-01-06 08:48:00,2025-01-06 10:42:00,NORMAL,3.75,PENDING
ORD00346,CUST00242,LOC0036,Office Complex,Office-036,13.007157,80.246724,Fragile-Item-31,Fragile,1.69,8.24,True,Ambient,,2025-01-06 10:52:00,2025-01-06 10:37:00,2025-01-06 11:09:00,2025-01-06 14:17:00,NORMAL,3.13,PENDING
ORD00347,CUST00391,LOC0036,Office Complex,Office-036,13.007823,80.247004,Heavy-Item-14,Heavy,7.69,32.17,False,Ambient,,2025-01-06 11:12:00,2025-01-06 10:53:00,2025-01-06 11:31:00,2025-01-06 14:17:00,LOW,4.95,PENDING
ORD00348,CUST00285,LOC0030,Office Complex,Office-030,13.050791,80.263646,Normal-Item-12,Normal,4.91,4.28,False,Ambient,,2025-01-06 10:09:00,2025-01-06 09:43:00,2025-01-06 10:17:00,2025-01-06 11:21:00,NORMAL,4.19,PENDING
ORD00349,CUST00233,LOC0001,Office Complex,Office-001,13.05927,80.263398,Normal-Item-6,Normal,0.45,8.21,False,Ambient,,2025-01-06 10:30:00,2025-01-06 09:28:00,2025-01-06 10:39:00,2025-01-06 12:27:00,NORMAL,2.94,PENDING
ORD00350,CUST00134,LOC0037,Office Complex,Office-037,13.000882,80.24864,Normal-Item-35,Normal,1.76,3.61,False,Ambient,,2025-01-06 08:58:00,2025-01-06 08:47:00,2025-01-06 09:06:00,2025-01-06 10:09:00,LOW,5.85,PENDING
ORD00351,CUST00220,LOC0013,Gated Apartment,Apt-013,13.048083,80.299648,Normal-Item-40,Normal,2.51,5.53,False,Ambient,,2025-01-06 09:09:00,2025-01-06 08:53:00,2025-01-06 09:23:00,2025-01-06 10:42:00,NORMAL,5.48,PENDING
ORD00352,CUST00186,LOC0017,Gated Apartment,Apt-017,13.039955,80.265907,Normal-Item-42,Normal,2.8,4.04,False,Ambient,,2025-01-06 11:08:00,2025-01-06 11:01:00,2025-01-06 11:20:00,2025-01-06 14:24:00,NORMAL,6.14,PENDING
ORD00353,CUST00307,LOC0013,Gated Apartment,Apt-013,13.048009,80.297655,Heavy-Item-28,Heavy,9.91,21.44,False,Ambient,,2025-01-06 11:28:00,2025-01-06 10:32:00,2025-01-06 11:33:00,2025-01-06 13:56:00,HIGH,2.89,PENDING
ORD00354,CUST00446,LOC0036,Office Complex,Office-036,13.006506,80.249177,Frozen-Item-21,Frozen,2.2,5.66,False,Frozen,,2025-01-06 10:26:00,2025-01-06 10:13:00,2025-01-06 10:43:00,2025-01-06 12:07:00,NORMAL,6.41,PENDING
ORD00355,CUST00461,LOC0022,Office Complex,Office-022,13.023041,80.267941,Normal-Item-19,Normal,2.88,7.5,False,Ambient,,2025-01-06 12:59:00,2025-01-06 11:16:00,2025-01-06 13:06:00,2025-01-06 14:12:00,NORMAL,4.31,PENDING
ORD00356,CUST00457,LOC0012,Office Complex,Office-012,13.072866,80.220338,Fragile-Item-36,Fragile,1.53,10.15,True,Ambient,,2025-01-06 09:08:00,2025-01-06 08:54:00,2025-01-06 09:18:00,2025-01-06 10:32:00,NORMAL,3.57,PENDING
ORD00357,CUST00172,LOC0018,Gated Apartment,Apt-018,12.9941,80.276606,Normal-Item-1,Normal,4.69,6.14,False,Ambient,,2025-01-06 10:02:00,2025-01-06 09:40:00,2025-01-06 10:21:00,2025-01-06 13:57:00,NORMAL,3.64,PENDING
ORD00358,CUST00288,LOC0028,Gated Apartment,Apt-028,12.993646,80.250891,Heavy-Item-25,Heavy,13.45,32.24,False,Ambient,,2025-01-06 12:31:00,2025-01-06 11:16:00,2025-01-06 12:39:00,2025-01-06 13:52:00,LOW,3.3,PENDING
ORD00359,CUST00253,LOC0017,Gated Apartment,Apt-017,13.039733,80.265474,Frozen-Item-40,Frozen,5.68,5.28,False,Frozen,,2025-01-06 10:50:00,2025-01-06 10:26:00,2025-01-06 11:06:00,2025-01-06 12:03:00,URGENT,4.8,PENDING
ORD00360,CUST00263,LOC0023,Gated Apartment,Apt-023,13.077111,80.275963,Normal-Item-3,Normal,2.37,4.14,False,Ambient,,2025-01-06 10:30:00,2025-01-06 10:01:00,2025-01-06 10:39:00,2025-01-06 13:25:00,NORMAL,4.25,PENDING
ORD00361,CUST00139,LOC0014,Gated Apartment,Apt-014,13.062917,80.287182,Heavy-Item-32,Heavy,11.07,21.38,False,Ambient,,2025-01-06 11:33:00,2025-01-06 11:22:00,2025-01-06 11:50:00,2025-01-06 15:17:00,NORMAL,4.96,PENDING
ORD00362,CUST00154,LOC0009,Gated Apartment,Apt-009,13.000254,80.289073,Normal-Item-36,Normal,0.32,5.25,False,Ambient,,2025-01-06 09:28:00,2025-01-06 09:14:00,2025-01-06 09:40:00,2025-01-06 11:37:00,LOW,4.92,PENDING
ORD00363,CUST00096,LOC0010,Gated Apartment,Apt-010,13.030524,80.233812,Normal-Item-22,Normal,3.67,8.26,False,Ambient,,2025-01-06 10:32:00,2025-01-06 08:29:00,2025-01-06 10:39:00,2025-01-06 11:31:00,URGENT,2.02,PENDING
ORD00364,CUST00371,LOC0027,Gated Apartment,Apt-027,13.031718,80.275891,Normal-Item-6,Normal,0.32,8.74,False,Ambient,,2025-01-06 10:44:00,2025-01-06 08:29:00,2025-01-06 10:53:00,2025-01-06 13:53:00,LOW,5.07,PENDING
ORD00365,CUST00010,LOC0005,Gated Apartment,Apt-005,12.998902,80.304009,Normal-Item-37,Normal,1.92,9.53,False,Ambient,,2025-01-06 12:14:00,2025-01-06 11:53:00,2025-01-06 12:21:00,2025-01-06 13:40:00,NORMAL,2.23,PENDING
ORD00366,CUST00248,LOC0003,Office Complex,Office-003,13.066706,80.289413,Fragile-Item-6,Fragile,1.36,19.44,True,Ambient,,2025-01-06 11:29:00,2025-01-06 11:02:00,2025-01-06 11:43:00,2025-01-06 13:28:00,NORMAL,2.55,PENDING
ORD00367,CUST00203,LOC0018,Gated Apartment,Apt-018,12.995603,80.27688,Fragile-Item-36,Fragile,2.05,7.06,True,Ambient,,2025-01-06 09:46:00,2025-01-06 08:24:00,2025-01-06 09:53:00,2025-01-06 12:01:00,LOW,3.82,PENDING
ORD00368,CUST00275,LOC0008,Gated Apartment,Apt-008,13.061034,80.249657,Normal-Item-6,Normal,2.36,7.65,False,Ambient,,2025-01-06 12:03:00,2025-01-06 11:53:00,2025-01-06 12:20:00,2025-01-06 15:31:00,NORMAL,2.91,PENDING
ORD00369,CUST00292,LOC0027,Gated Apartment,Apt-027,13.031896,80.274199,Normal-Item-13,Normal,4.08,9.52,False,Ambient,,2025-01-06 08:25:00,2025-01-06 08:14:00,2025-01-06 08:36:00,2025-01-06 11:02:00,NORMAL,2.7,PENDING
ORD00370,CUST00464,LOC0002,Gated Apartment,Apt-002,13.028974,80.302879,Normal-Item-36,Normal,4.39,11.17,False,Ambient,,2025-01-06 10:21:00,2025-01-06 09:53:00,2025-01-06 10:32:00,2025-01-06 13:05:00,LOW,4.6,PENDING
ORD00371,CUST00166,LOC0031,Gated Apartment,Apt-031,13.058368,80.241894,Normal-Item-47,Normal,4.93,5.78,False,Ambient,,2025-01-06 12:52:00,2025-01-06 11:49:00,2025-01-06 13:08:00,2025-01-06 16:31:00,NORMAL,4.02,PENDING
ORD00372,CUST00180,LOC0031,Gated Apartment,Apt-031,13.058826,80.240812,Fragile-Item-31,Fragile,3.97,8.62,True,Ambient,,2025-01-06 10:28:00,2025-01-06 09:16:00,2025-01-06 10:44:00,2025-01-06 14:05:00,NORMAL,2.06,PENDING
ORD00373,CUST00459,LOC0039,Gated Apartment,Apt-039,13.011269,80.276265,Normal-Item-39,Normal,1.48,5.47,False,Ambient,,2025-01-06 09:12:00,2025-01-06 09:07:00,2025-01-06 09:22:00,2025-01-06 10:09:00,URGENT,3.83,PENDING
ORD00374,CUST00224,LOC0026,Office Complex,Office-026,13.006716,80.275586,Hot Food-Item-8,Hot Food,0.6,4.02,False,Hot,,2025-01-06 11:59:00,2025-01-06 11:41:00,2025-01-06 12:12:00,2025-01-06 15:39:00,NORMAL,3.11,PENDING
ORD00375,CUST00361,LOC0014,Gated Apartment,Apt-014,13.064284,80.287092,Heavy-Item-24,Heavy,13.46,20.54,False,Ambient,,2025-01-06 12:35:00,2025-01-06 10:46:00,2025-01-06 12:53:00,2025-01-06 14:13:00,NORMAL,5.37,PENDING
ORD00376,CUST00398,LOC0037,Office Complex,Office-037,13.001582,80.249869,Frozen-Item-45,Frozen,4.29,11.16,False,Frozen,,2025-01-06 09:37:00,2025-01-06 09:10:00,2025-01-06 09:46:00,2025-01-06 13:20:00,NORMAL,2.35,PENDING
ORD00377,CUST00128,LOC0010,Gated Apartment,Apt-010,13.031422,80.234446,Frozen-Item-40,Frozen,5.14,7.47,False,Frozen,,2025-01-06 10:07:00,2025-01-06 09:42:00,2025-01-06 10:12:00,2025-01-06 12:33:00,NORMAL,5.25,PENDING
ORD00378,CUST00060,LOC0028,Gated Apartment,Apt-028,12.99349,80.250919,Frozen-Item-22,Frozen,1.94,6.62,False,Frozen,,2025-01-06 10:42:00,2025-01-06 10:38:00,2025-01-06 10:50:00,2025-01-06 13:48:00,LOW,6.4,PENDING
ORD00379,CUST00082,LOC0012,Office Complex,Office-012,13.073954,80.220915,Heavy-Item-6,Heavy,6.37,28.64,False,Ambient,,2025-01-06 09:40:00,2025-01-06 09:18:00,2025-01-06 09:47:00,2025-01-06 11:49:00,NORMAL,3.02,PENDING
ORD00380,CUST00015,LOC0031,Gated Apartment,Apt-031,13.0574,80.241697,Normal-Item-1,Normal,1.19,9.27,False,Ambient,,2025-01-06 09:22:00,2025-01-06 09:20:00,2025-01-06 09:41:00,2025-01-06 12:14:00,NORMAL,5.53,PENDING
ORD00381,CUST00415,LOC0037,Office Complex,Office-037,13.001988,80.249253,Hot Food-Item-4,Hot Food,2.82,7.21,False,Hot,,2025-01-06 12:12:00,2025-01-06 11:48:00,2025-01-06 12:26:00,2025-01-06 13:41:00,NORMAL,2.92,PENDING
ORD00382,CUST00257,LOC0006,Gated Apartment,Apt-006,13.077317,80.300792,Hot Food-Item-37,Hot Food,2.55,8.17,False,Hot,,2025-01-06 10:03:00,2025-01-06 09:54:00,2025-01-06 10:17:00,2025-01-06 11:30:00,NORMAL,4.59,PENDING
ORD00383,CUST00370,LOC0025,Office Complex,Office-025,13.060733,80.283585,Normal-Item-23,Normal,3.34,3.92,False,Ambient,,2025-01-06 10:26:00,2025-01-06 10:07:00,2025-01-06 10:32:00,2025-01-06 11:39:00,URGENT,2.25,PENDING
ORD00384,CUST00263,LOC0006,Gated Apartment,Apt-006,13.07731,80.300474,Fragile-Item-29,Fragile,0.84,14.49,True,Ambient,,2025-01-06 10:37:00,2025-01-06 10:34:00,2025-01-06 10:42:00,2025-01-06 12:39:00,NORMAL,4.03,PENDING
ORD00385,CUST00119,LOC0016,Gated Apartment,Apt-016,13.01154,80.298076,Normal-Item-45,Normal,4.45,11.13,False,Ambient,,2025-01-06 11:14:00,2025-01-06 09:24:00,2025-01-06 11:25:00,2025-01-06 15:08:00,NORMAL,3.46,PENDING
ORD00386,CUST00435,LOC0039,Gated Apartment,Apt-039,13.011157,80.275303,Normal-Item-39,Normal,0.41,4.55,False,Ambient,,2025-01-06 12:10:00,2025-01-06 10:32:00,2025-01-06 12:22:00,2025-01-06 13:32:00,LOW,3.8,PENDING
ORD00387,CUST00222,LOC0027,Gated Apartment,Apt-027,13.031621,80.275424,Fragile-Item-3,Fragile,1.64,6.65,True,Ambient,,2025-01-06 10:27:00,2025-01-06 10:08:00,2025-01-06 10:34:00,2025-01-06 13:42:00,HIGH,3.12,PENDING
ORD00388,CUST00227,LOC0012,Office Complex,Office-012,13.074102,80.219785,Hot Food-Item-15,Hot Food,1.27,4.39,False,Hot,,2025-01-06 11:56:00,2025-01-06 11:32:00,2025-01-06 12:13:00,2025-01-06 14:41:00,NORMAL,5.38,PENDING
ORD00389,CUST00166,LOC0030,Office Complex,Office-030,13.050755,80.263565,Chemical-Item-18,Chemical,4.85,7.98,False,Ambient,CHE-G2,2025-01-06 08:18:00,2025-01-06 08:00:00,2025-01-06 08:27:00,2025-01-06 10:25:00,NORMAL,3.3,PENDING
ORD00390,CUST00088,LOC0012,Office Complex,Office-012,13.07402,80.220173,Normal-Item-43,Normal,1.86,8.7,False,Ambient,,2025-01-06 11:39:00,2025-01-06 11:30:00,2025-01-06 11:49:00,2025-01-06 12:42:00,URGENT,6.2,PENDING
ORD00391,CUST00361,LOC0007,Office Complex,Office-007,13.05928,80.258844,Normal-Item-37,Normal,4.43,3.48,True,Ambient,,2025-01-06 11:00:00,2025-01-06 10:44:00,2025-01-06 11:06:00,2025-01-06 15:03:00,HIGH,5.83,PENDING
ORD00392,CUST00292,LOC0024,Office Complex,Office-024,13.070297,80.295915,Frozen-Item-2,Frozen,4.58,14.46,False,Frozen,,2025-01-06 09:35:00,2025-01-06 09:17:00,2025-01-06 09:47:00,2025-01-06 12:05:00,NORMAL,2.04,PENDING
ORD00393,CUST00275,LOC0017,Gated Apartment,Apt-017,13.040294,80.266424,Fragile-Item-22,Fragile,2.16,12.97,True,Ambient,,2025-01-06 09:41:00,2025-01-06 09:38:00,2025-01-06 09:52:00,2025-01-06 11:08:00,NORMAL,4.69,PENDING
ORD00394,CUST00156,LOC0019,Gated Apartment,Apt-019,13.063074,80.233855,Normal-Item-44,Normal,3.36,8.27,False,Ambient,,2025-01-06 10:54:00,2025-01-06 10:50:00,2025-01-06 11:11:00,2025-01-06 13:29:00,HIGH,4.89,PENDING
ORD00395,CUST00245,LOC0025,Office Complex,Office-025,13.059319,80.283575,Frozen-Item-3,Frozen,4.84,4.65,False,Frozen,,2025-01-06 09:10:00,2025-01-06 08:57:00,2025-01-06 09:27:00,2025-01-06 11:22:00,HIGH,3.18,PENDING
ORD00396,CUST00223,LOC0005,Gated Apartment,Apt-005,12.998883,80.30361,Frozen-Item-35,Frozen,2.88,10.85,False,Frozen,,2025-01-06 11:36:00,2025-01-06 11:11:00,2025-01-06 11:42:00,2025-01-06 13:40:00,NORMAL,4.66,PENDING
ORD00397,CUST00346,LOC0037,Office Complex,Office-037,13.001156,80.248033,Frozen-Item-41,Frozen,1.67,12.21,False,Frozen,,2025-01-06 10:07:00,2025-01-06 10:05:00,2025-01-06 10:26:00,2025-01-06 13:43:00,NORMAL,6.01,PENDING
ORD00398,CUST00187,LOC0028,Gated Apartment,Apt-028,12.993339,80.250826,Fragile-Item-41,Fragile,2.31,18.56,True,Ambient,,2025-01-06 09:55:00,2025-01-06 09:26:00,2025-01-06 10:08:00,2025-01-06 13:01:00,NORMAL,2.78,PENDING
ORD00399,CUST00292,LOC0001,Office Complex,Office-001,13.058862,80.263251,Normal-Item-45,Normal,1.22,9.69,False,Ambient,,2025-01-06 10:42:00,2025-01-06 09:00:00,2025-01-06 10:49:00,2025-01-06 14:13:00,LOW,2.56,PENDING
ORD00400,CUST00386,LOC0014,Gated Apartment,Apt-014,13.063764,80.285978,Normal-Item-32,Normal,0.6,9.59,False,Ambient,,2025-01-06 11:41:00,2025-01-06 11:17:00,2025-01-06 11:59:00,2025-01-06 14:55:00,HIGH,4.48,PENDING
ORD00401,CUST00498,LOC0005,Gated Apartment,Apt-005,12.998515,80.303328,Normal-Item-40,Normal,4.18,11.97,False,Ambient,,2025-01-06 11:57:00,2025-01-06 11:53:00,2025-01-06 12:06:00,2025-01-06 12:53:00,URGENT,6.0,PENDING
ORD00402,CUST00334,LOC0040,Gated Apartment,Apt-040,13.05023,80.297633,Hot Food-Item-2,Hot Food,1.25,4.93,False,Hot,,2025-01-06 09:40:00,2025-01-06 09:17:00,2025-01-06 09:58:00,2025-01-06 13:52:00,LOW,6.11,PENDING
ORD00403,CUST00098,LOC0026,Office Complex,Office-026,13.009038,80.275472,Frozen-Item-5,Frozen,5.48,11.48,False,Frozen,,2025-01-06 08:07:00,2025-01-06 08:00:00,2025-01-06 08:15:00,2025-01-06 10:00:00,LOW,5.42,PENDING
ORD00404,CUST00308,LOC0030,Office Complex,Office-030,13.049811,80.264235,Normal-Item-8,Normal,0.55,2.8,False,Ambient,,2025-01-06 10:09:00,2025-01-06 09:58:00,2025-01-06 10:27:00,2025-01-06 14:04:00,NORMAL,3.58,PENDING
ORD00405,CUST00066,LOC0036,Office Complex,Office-036,13.006545,80.247183,Normal-Item-43,Normal,2.78,4.23,True,Ambient,,2025-01-06 11:06:00,2025-01-06 10:45:00,2025-01-06 11:16:00,2025-01-06 15:15:00,HIGH,4.09,PENDING
ORD00406,CUST00386,LOC0033,Gated Apartment,Apt-033,13.019426,80.305568,Hot Food-Item-26,Hot Food,2.53,6.24,False,Hot,,2025-01-06 11:42:00,2025-01-06 11:31:00,2025-01-06 11:48:00,2025-01-06 12:59:00,URGENT,4.81,PENDING
ORD00407,CUST00408,LOC0027,Gated Apartment,Apt-027,13.031808,80.275616,Normal-Item-26,Normal,2.25,8.05,False,Ambient,,2025-01-06 11:13:00,2025-01-06 10:56:00,2025-01-06 11:29:00,2025-01-06 12:53:00,NORMAL,5.4,PENDING
ORD00408,CUST00360,LOC0021,Office Complex,Office-021,13.059051,80.287201,Fragile-Item-24,Fragile,3.28,9.5,True,Ambient,,2025-01-06 11:02:00,2025-01-06 10:51:00,2025-01-06 11:12:00,2025-01-06 13:59:00,NORMAL,2.78,PENDING
ORD00409,CUST00442,LOC0028,Gated Apartment,Apt-028,12.994302,80.250407,Normal-Item-24,Normal,2.77,9.92,False,Ambient,,2025-01-06 11:42:00,2025-01-06 11:32:00,2025-01-06 11:50:00,2025-01-06 13:43:00,NORMAL,4.31,PENDING
ORD00410,CUST00392,LOC0038,Office Complex,Office-038,13.031908,80.286047,Normal-Item-48,Normal,2.97,6.62,False,Ambient,,2025-01-06 09:45:00,2025-01-06 09:19:00,2025-01-06 09:53:00,2025-01-06 11:06:00,URGENT,6.48,PENDING
ORD00411,CUST00290,LOC0011,Gated Apartment,Apt-011,13.022571,80.238696,Normal-Item-17,Normal,4.16,7.81,False,Ambient,,2025-01-06 10:04:00,2025-01-06 09:47:00,2025-01-06 10:13:00,2025-01-06 13:23:00,HIGH,5.03,PENDING
ORD00412,CUST00356,LOC0005,Gated Apartment,Apt-005,12.998868,80.303538,Normal-Item-25,Normal,3.29,4.89,False,Ambient,,2025-01-06 08:34:00,2025-01-06 08:30:00,2025-01-06 08:41:00,2025-01-06 09:41:00,NORMAL,3.26,PENDING
ORD00413,CUST00268,LOC0032,Gated Apartment,Apt-032,13.076963,80.261046,Chemical-Item-42,Chemical,4.45,2.42,False,Ambient,,2025-01-06 10:00:00,2025-01-06 09:54:00,2025-01-06 10:06:00,2025-01-06 11:19:00,URGENT,4.65,PENDING
ORD00414,CUST00318,LOC0012,Office Complex,Office-012,13.07376,80.220704,Hot Food-Item-36,Hot Food,1.82,3.43,False,Hot,,2025-01-06 10:25:00,2025-01-06 08:27:00,2025-01-06 10:32:00,2025-01-06 13:30:00,NORMAL,4.81,PENDING
ORD00415,CUST00070,LOC0039,Gated Apartment,Apt-039,13.010743,80.275156,Normal-Item-37,Normal,2.79,4.73,False,Ambient,,2025-01-06 10:31:00,2025-01-06 10:13:00,2025-01-06 10:39:00,2025-01-06 13:00:00,LOW,2.04,PENDING
ORD00416,CUST00276,LOC0020,Office Complex,Office-020,13.047096,80.231171,Hot Food-Item-48,Hot Food,2.54,9.14,True,Hot,,2025-01-06 08:59:00,2025-01-06 08:40:00,2025-01-06 09:07:00,2025-01-06 11:18:00,NORMAL,3.08,PENDING
ORD00417,CUST00385,LOC0034,Gated Apartment,Apt-034,13.023685,80.243924,Heavy-Item-32,Heavy,11.35,17.95,False,Ambient,,2025-01-06 11:37:00,2025-01-06 11:34:00,2025-01-06 11:50:00,2025-01-06 12:55:00,URGENT,3.66,PENDING
ORD00418,CUST00249,LOC0021,Office Complex,Office-021,13.058807,80.288357,Normal-Item-4,Normal,2.32,8.41,False,Ambient,,2025-01-06 11:18:00,2025-01-06 09:49:00,2025-01-06 11:33:00,2025-01-06 13:02:00,HIGH,3.4,PENDING
ORD00419,CUST00417,LOC0031,Gated Apartment,Apt-031,13.056861,80.241452,Normal-Item-8,Normal,3.22,9.99,False,Ambient,,2025-01-06 09:36:00,2025-01-06 09:33:00,2025-01-06 09:51:00,2025-01-06 12:01:00,LOW,3.55,PENDING
ORD00420,CUST00344,LOC0006,Gated Apartment,Apt-006,13.077641,80.300944,Hot Food-Item-5,Hot Food,1.34,7.67,False,Hot,,2025-01-06 11:36:00,2025-01-06 10:09:00,2025-01-06 11:46:00,2025-01-06 13:00:00,NORMAL,6.34,PENDING
ORD00421,CUST00255,LOC0016,Gated Apartment,Apt-016,13.009462,80.2979,Fragile-Item-3,Fragile,3.36,17.92,True,Ambient,,2025-01-06 09:49:00,2025-01-06 09:25:00,2025-01-06 10:02:00,2025-01-06 11:04:00,URGENT,2.7,PENDING
ORD00422,CUST00411,LOC0040,Gated Apartment,Apt-040,13.050962,80.298173,Frozen-Item-36,Frozen,5.29,12.36,False,Frozen,,2025-01-06 12:26:00,2025-01-06 11:24:00,2025-01-06 12:40:00,2025-01-06 13:53:00,HIGH,5.35,PENDING
ORD00423,CUST00457,LOC0006,Gated Apartment,Apt-006,13.077821,80.300346,Hot Food-Item-49,Hot Food,2.6,9.1,False,Hot,,2025-01-06 10:59:00,2025-01-06 10:54:00,2025-01-06 11:04:00,2025-01-06 12:17:00,NORMAL,2.09,PENDING
ORD00424,CUST00048,LOC0007,Office Complex,Office-007,13.058534,80.258229,Normal-Item-8,Normal,2.3,6.53,True,Ambient,,2025-01-06 09:32:00,2025-01-06 09:08:00,2025-01-06 09:51:00,2025-01-06 12:51:00,NORMAL,3.2,PENDING
ORD00425,CUST00462,LOC0022,Office Complex,Office-022,13.022932,80.268736,Hot Food-Item-20,Hot Food,1.06,3.19,True,Hot,,2025-01-06 11:49:00,2025-01-06 11:44:00,2025-01-06 12:05:00,2025-01-06 15:13:00,LOW,2.7,PENDING
ORD00426,CUST00313,LOC0013,Gated Apartment,Apt-013,13.047251,80.298019,Normal-Item-4,Normal,1.66,3.36,False,Ambient,,2025-01-06 11:25:00,2025-01-06 09:56:00,2025-01-06 11:30:00,2025-01-06 14:48:00,LOW,3.61,PENDING
ORD00427,CUST00026,LOC0008,Gated Apartment,Apt-008,13.059382,80.24925,Normal-Item-31,Normal,2.99,2.83,False,Ambient,,2025-01-06 11:08:00,2025-01-06 10:44:00,2025-01-06 11:13:00,2025-01-06 12:34:00,NORMAL,2.52,PENDING
ORD00428,CUST00483,LOC0030,Office Complex,Office-030,13.051434,80.264816,Normal-Item-46,Normal,2.83,8.38,False,Ambient,,2025-01-06 09:51:00,2025-01-06 09:29:00,2025-01-06 09:58:00,2025-01-06 13:41:00,LOW,6.41,PENDING
ORD00429,CUST00250,LOC0025,Office Complex,Office-025,13.059722,80.282631,Normal-Item-18,Normal,2.1,4.61,False,Ambient,,2025-01-06 10:27:00,2025-01-06 10:14:00,2025-01-06 10:39:00,2025-01-06 12:04:00,HIGH,2.25,PENDING
ORD00430,CUST00165,LOC0040,Gated Apartment,Apt-040,13.050837,80.298536,Normal-Item-43,Normal,1.45,2.05,False,Ambient,,2025-01-06 09:10:00,2025-01-06 08:15:00,2025-01-06 09:19:00,2025-01-06 11:37:00,NORMAL,3.11,PENDING
ORD00431,CUST00383,LOC0008,Gated Apartment,Apt-008,13.060144,80.24798,Normal-Item-40,Normal,1.19,3.57,False,Ambient,,2025-01-06 10:10:00,2025-01-06 09:51:00,2025-01-06 10:25:00,2025-01-06 12:50:00,NORMAL,5.3,PENDING
ORD00432,CUST00285,LOC0038,Office Complex,Office-038,13.032756,80.285167,Normal-Item-37,Normal,0.76,6.51,True,Ambient,,2025-01-06 10:23:00,2025-01-06 09:07:00,2025-01-06 10:41:00,2025-01-06 12:48:00,NORMAL,6.01,PENDING
ORD00433,CUST00496,LOC0019,Gated Apartment,Apt-019,13.064306,80.233598,Normal-Item-22,Normal,3.58,11.81,False,Ambient,,2025-01-06 10:26:00,2025-01-06 10:14:00,2025-01-06 10:38:00,2025-01-06 13:56:00,LOW,3.67,PENDING
ORD00434,CUST00098,LOC0016,Gated Apartment,Apt-016,13.01095,80.297978,Heavy-Item-24,Heavy,7.79,29.56,False,Ambient,,2025-01-06 11:35:00,2025-01-06 11:14:00,2025-01-06 11:49:00,2025-01-06 13:15:00,LOW,4.19,PENDING
ORD00435,CUST00462,LOC0032,Gated Apartment,Apt-032,13.076554,80.260946,Normal-Item-2,Normal,2.46,11.9,False,Ambient,,2025-01-06 09:56:00,2025-01-06 09:41:00,2025-01-06 10:13:00,2025-01-06 13:27:00,HIGH,3.3,PENDING
ORD00436,CUST00108,LOC0020,Office Complex,Office-020,13.047024,80.231501,Normal-Item-32,Normal,3.11,4.48,False,Ambient,,2025-01-06 11:10:00,2025-01-06 10:59:00,2025-01-06 11:25:00,2025-01-06 15:12:00,NORMAL,4.54,PENDING
ORD00437,CUST00311,LOC0005,Gated Apartment,Apt-005,12.998903,80.304313,Fragile-Item-21,Fragile,1.59,11.78,True,Ambient,,2025-01-06 10:06:00,2025-01-06 09:52:00,2025-01-06 10:23:00,2025-01-06 12:34:00,LOW,2.34,PENDING
ORD00438,CUST00189,LOC0020,Office Complex,Office-020,13.046425,80.231117,Heavy-Item-16,Heavy,7.6,15.74,False,Ambient,,2025-01-06 10:31:00,2025-01-06 10:15:00,2025-01-06 10:37:00,2025-01-06 12:50:00,LOW,5.75,PENDING
ORD00439,CUST00185,LOC0015,Gated Apartment,Apt-015,13.029119,80.28984,Hot Food-Item-42,Hot Food,2.8,7.56,False,Hot,,2025-01-06 12:02:00,2025-01-06 11:47:00,2025-01-06 12:16:00,2025-01-06 14:03:00,HIGH,4.04,PENDING
ORD00440,CUST00375,LOC0019,Gated Apartment,Apt-019,13.06436,80.233895,Normal-Item-38,Normal,2.47,4.21,False,Ambient,,2025-01-06 09:00:00,2025-01-06 08:08:00,2025-01-06 09:05:00,2025-01-06 11:11:00,NORMAL,2.27,PENDING
ORD00441,CUST00321,LOC0016,Gated Apartment,Apt-016,13.011023,80.297802,Normal-Item-7,Normal,4.24,7.61,False,Ambient,,2025-01-06 09:19:00,2025-01-06 08:50:00,2025-01-06 09:37:00,2025-01-06 13:26:00,NORMAL,6.46,PENDING
ORD00442,CUST00424,LOC0038,Office Complex,Office-038,13.031817,80.285979,Normal-Item-16,Normal,4.84,4.04,False,Ambient,,2025-01-06 10:52:00,2025-01-06 10:34:00,2025-01-06 10:59:00,2025-01-06 13:41:00,HIGH,3.57,PENDING
ORD00443,CUST00304,LOC0034,Gated Apartment,Apt-034,13.023153,80.242673,Chemical-Item-30,Chemical,2.07,8.92,False,Ambient,,2025-01-06 08:31:00,2025-01-06 08:15:00,2025-01-06 08:50:00,2025-01-06 11:02:00,NORMAL,5.89,PENDING
ORD00444,CUST00169,LOC0030,Office Complex,Office-030,13.05208,80.262801,Normal-Item-49,Normal,1.47,6.37,False,Ambient,,2025-01-06 10:33:00,2025-01-06 10:18:00,2025-01-06 10:45:00,2025-01-06 13:43:00,NORMAL,2.68,PENDING
ORD00445,CUST00196,LOC0037,Office Complex,Office-037,13.002025,80.24891,Hot Food-Item-22,Hot Food,1.63,4.99,False,Hot,,2025-01-06 12:20:00,2025-01-06 11:52:00,2025-01-06 12:38:00,2025-01-06 16:06:00,NORMAL,5.43,PENDING
ORD00446,CUST00103,LOC0005,Gated Apartment,Apt-005,12.998101,80.303954,Fragile-Item-16,Fragile,1.72,14.59,True,Ambient,,2025-01-06 10:15:00,2025-01-06 10:01:00,2025-01-06 10:21:00,2025-01-06 12:33:00,NORMAL,4.49,PENDING
ORD00447,CUST00094,LOC0029,Gated Apartment,Apt-029,13.003707,80.223064,Normal-Item-43,Normal,1.26,4.96,False,Ambient,,2025-01-06 09:10:00,2025-01-06 09:00:00,2025-01-06 09:20:00,2025-01-06 12:32:00,LOW,2.78,PENDING
ORD00448,CUST00278,LOC0037,Office Complex,Office-037,13.001375,80.250041,Normal-Item-6,Normal,0.94,8.26,False,Ambient,,2025-01-06 13:18:00,2025-01-06 11:54:00,2025-01-06 13:32:00,2025-01-06 14:32:00,NORMAL,5.66,PENDING
ORD00449,CUST00244,LOC0001,Office Complex,Office-001,13.059313,80.263847,Fragile-Item-47,Fragile,1.18,15.86,True,Ambient,,2025-01-06 11:00:00,2025-01-06 10:32:00,2025-01-06 11:11:00,2025-01-06 12:53:00,NORMAL,3.95,PENDING
ORD00450,CUST00058,LOC0004,Gated Apartment,Apt-004,13.053442,80.251189,Normal-Item-46,Normal,4.43,8.91,False,Ambient,,2025-01-06 10:08:00,2025-01-06 09:47:00,2025-01-06 10:23:00,2025-01-06 11:31:00,HIGH,3.78,PENDING
ORD00451,CUST00314,LOC0017,Gated Apartment,Apt-017,13.040286,80.265199,Normal-Item-42,Normal,0.81,11.17,False,Ambient,,2025-01-06 10:46:00,2025-01-06 10:34:00,2025-01-06 10:54:00,2025-01-06 13:54:00,LOW,6.1,PENDING
ORD00452,CUST00373,LOC0001,Office Complex,Office-001,13.058905,80.263782,Heavy-Item-5,Heavy,10.22,28.67,False,Ambient,,2025-01-06 08:39:00,2025-01-06 08:36:00,2025-01-06 08:48:00,2025-01-06 12:45:00,NORMAL,4.12,PENDING
ORD00453,CUST00032,LOC0029,Gated Apartment,Apt-029,13.003018,80.223422,Normal-Item-30,Normal,3.77,9.15,False,Ambient,,2025-01-06 08:27:00,2025-01-06 08:10:00,2025-01-06 08:41:00,2025-01-06 12:34:00,NORMAL,3.81,PENDING
ORD00454,CUST00487,LOC0024,Office Complex,Office-024,13.070443,80.296198,Normal-Item-23,Normal,4.01,6.24,False,Ambient,,2025-01-06 08:48:00,2025-01-06 08:27:00,2025-01-06 09:04:00,2025-01-06 10:44:00,LOW,6.0,PENDING
ORD00455,CUST00117,LOC0001,Office Complex,Office-001,13.059884,80.262898,Chemical-Item-29,Chemical,2.83,8.65,False,Ambient,,2025-01-06 10:25:00,2025-01-06 10:19:00,2025-01-06 10:39:00,2025-01-06 11:37:00,URGENT,4.12,PENDING
ORD00456,CUST00090,LOC0011,Gated Apartment,Apt-011,13.023602,80.239501,Hot Food-Item-32,Hot Food,2.43,3.29,False,Hot,,2025-01-06 12:15:00,2025-01-06 10:19:00,2025-01-06 12:28:00,2025-01-06 13:51:00,NORMAL,5.38,PENDING
ORD00457,CUST00007,LOC0030,Office Complex,Office-030,13.05116,80.263464,Heavy-Item-26,Heavy,7.9,21.08,False,Ambient,,2025-01-06 10:29:00,2025-01-06 08:57:00,2025-01-06 10:36:00,2025-01-06 14:35:00,NORMAL,2.12,PENDING
ORD00458,CUST00124,LOC0017,Gated Apartment,Apt-017,13.039878,80.265657,Frozen-Item-48,Frozen,1.25,8.94,False,Frozen,,2025-01-06 14:22:00,2025-01-06 11:58:00,2025-01-06 14:35:00,2025-01-06 16:40:00,NORMAL,6.15,PENDING
ORD00459,CUST00350,LOC0002,Gated Apartment,Apt-002,13.029493,80.304416,Fragile-Item-8,Fragile,3.03,9.2,True,Ambient,,2025-01-06 09:36:00,2025-01-06 09:10:00,2025-01-06 09:53:00,2025-01-06 11:55:00,HIGH,5.84,PENDING
ORD00460,CUST00349,LOC0006,Gated Apartment,Apt-006,13.077657,80.299799,Normal-Item-18,Normal,0.86,11.44,False,Ambient,,2025-01-06 10:10:00,2025-01-06 09:48:00,2025-01-06 10:23:00,2025-01-06 12:44:00,NORMAL,4.4,PENDING
ORD00461,CUST00282,LOC0018,Gated Apartment,Apt-018,12.996128,80.275271,Heavy-Item-1,Heavy,9.99,30.15,False,Ambient,,2025-01-06 08:31:00,2025-01-06 08:03:00,2025-01-06 08:39:00,2025-01-06 10:43:00,NORMAL,3.16,PENDING
ORD00462,CUST00197,LOC0014,Gated Apartment,Apt-014,13.064972,80.286689,Normal-Item-19,Normal,3.56,6.35,False,Ambient,,2025-01-06 10:26:00,2025-01-06 10:03:00,2025-01-06 10:36:00,2025-01-06 11:38:00,NORMAL,2.08,PENDING
ORD00463,CUST00151,LOC0007,Office Complex,Office-007,13.05938,80.259228,Frozen-Item-21,Frozen,1.53,13.53,False,Frozen,,2025-01-06 11:06:00,2025-01-06 10:10:00,2025-01-06 11:17:00,2025-01-06 12:32:00,NORMAL,6.43,PENDING
ORD00464,CUST00350,LOC0001,Office Complex,Office-001,13.06011,80.263762,Hot Food-Item-32,Hot Food,1.18,3.02,False,Hot,,2025-01-06 10:10:00,2025-01-06 09:04:00,2025-01-06 10:28:00,2025-01-06 13:00:00,NORMAL,5.05,PENDING
ORD00465,CUST00368,LOC0024,Office Complex,Office-024,13.069118,80.296173,Frozen-Item-31,Frozen,2.31,5.34,False,Frozen,,2025-01-06 09:42:00,2025-01-06 09:18:00,2025-01-06 09:57:00,2025-01-06 11:06:00,URGENT,2.93,PENDING
ORD00466,CUST00479,LOC0012,Office Complex,Office-012,13.073157,80.220079,Hot Food-Item-36,Hot Food,1.28,7.62,False,Hot,,2025-01-06 08:22:00,2025-01-06 08:06:00,2025-01-06 08:34:00,2025-01-06 12:03:00,NORMAL,5.55,PENDING
ORD00467,CUST00240,LOC0036,Office Complex,Office-036,13.006717,80.248203,Normal-Item-22,Normal,4.29,4.55,False,Ambient,,2025-01-06 11:33:00,2025-01-06 11:09:00,2025-01-06 11:38:00,2025-01-06 14:09:00,LOW,4.3,PENDING
ORD00468,CUST00471,LOC0014,Gated Apartment,Apt-014,13.064688,80.286937,Hot Food-Item-29,Hot Food,0.59,6.2,False,Hot,,2025-01-06 09:59:00,2025-01-06 09:44:00,2025-01-06 10:12:00,2025-01-06 11:55:00,NORMAL,5.99,PENDING
ORD00469,CUST00240,LOC0019,Gated Apartment,Apt-019,13.065334,80.233277,Normal-Item-48,Normal,4.49,10.18,False,Ambient,,2025-01-06 08:15:00,2025-01-06 08:06:00,2025-01-06 08:28:00,2025-01-06 11:25:00,NORMAL,4.8,PENDING
ORD00470,CUST00419,LOC0036,Office Complex,Office-036,13.006478,80.248142,Normal-Item-18,Normal,2.8,8.06,False,Ambient,,2025-01-06 10:17:00,2025-01-06 09:58:00,2025-01-06 10:34:00,2025-01-06 13:07:00,NORMAL,5.33,PENDING
ORD00471,CUST00037,LOC0018,Gated Apartment,Apt-018,12.99602,80.276604,Normal-Item-29,Normal,2.08,6.18,False,Ambient,,2025-01-06 09:30:00,2025-01-06 09:17:00,2025-01-06 09:38:00,2025-01-06 10:31:00,URGENT,5.38,PENDING
ORD00472,CUST00179,LOC0031,Gated Apartment,Apt-031,13.056067,80.241752,Frozen-Item-5,Frozen,1.49,14.75,True,Frozen,FRO-G1,2025-01-06 11:32:00,2025-01-06 11:24:00,2025-01-06 11:48:00,2025-01-06 14:10:00,NORMAL,2.04,PENDING
ORD00473,CUST00399,LOC0031,Gated Apartment,Apt-031,13.057258,80.242489,Heavy-Item-48,Heavy,6.15,20.42,False,Ambient,,2025-01-06 10:04:00,2025-01-06 09:49:00,2025-01-06 10:15:00,2025-01-06 11:10:00,URGENT,5.98,PENDING
ORD00474,CUST00045,LOC0002,Gated Apartment,Apt-002,13.029931,80.302461,Fragile-Item-29,Fragile,3.68,15.17,True,Ambient,,2025-01-06 10:48:00,2025-01-06 10:38:00,2025-01-06 11:00:00,2025-01-06 14:34:00,NORMAL,3.57,PENDING
ORD00475,CUST00328,LOC0003,Office Complex,Office-003,13.067936,80.289672,Normal-Item-35,Normal,2.16,7.48,False,Ambient,,2025-01-06 10:12:00,2025-01-06 10:03:00,2025-01-06 10:22:00,2025-01-06 11:39:00,NORMAL,4.27,PENDING
ORD00476,CUST00244,LOC0031,Gated Apartment,Apt-031,13.056756,80.240657,Hot Food-Item-20,Hot Food,1.44,5.29,False,Hot,,2025-01-06 10:56:00,2025-01-06 10:38:00,2025-01-06 11:15:00,2025-01-06 13:21:00,NORMAL,2.71,PENDING
ORD00477,CUST00053,LOC0034,Gated Apartment,Apt-034,13.02287,80.243452,Hot Food-Item-29,Hot Food,2.43,6.68,False,Hot,,2025-01-06 09:56:00,2025-01-06 09:31:00,2025-01-06 10:12:00,2025-01-06 12:06:00,NORMAL,4.26,PENDING
ORD00478,CUST00046,LOC0008,Gated Apartment,Apt-008,13.062212,80.247209,Normal-Item-37,Normal,4.85,8.58,False,Ambient,,2025-01-06 10:52:00,2025-01-06 09:16:00,2025-01-06 11:08:00,2025-01-06 12:50:00,NORMAL,4.79,PENDING
ORD00479,CUST00361,LOC0005,Gated Apartment,Apt-005,12.998394,80.302987,Chemical-Item-29,Chemical,3.81,3.62,False,Ambient,,2025-01-06 09:12:00,2025-01-06 09:01:00,2025-01-06 09:31:00,2025-01-06 11:24:00,NORMAL,3.53,PENDING
ORD00480,CUST00415,LOC0009,Gated Apartment,Apt-009,13.000791,80.288624,Chemical-Item-45,Chemical,7.97,5.71,False,Ambient,,2025-01-06 11:18:00,2025-01-06 09:51:00,2025-01-06 11:25:00,2025-01-06 13:50:00,NORMAL,2.51,PENDING
ORD00481,CUST00113,LOC0019,Gated Apartment,Apt-019,13.064193,80.233773,Normal-Item-36,Normal,2.73,2.43,False,Ambient,,2025-01-06 10:22:00,2025-01-06 10:06:00,2025-01-06 10:37:00,2025-01-06 12:36:00,NORMAL,4.25,PENDING
ORD00482,CUST00139,LOC0028,Gated Apartment,Apt-028,12.994615,80.250044,Normal-Item-31,Normal,0.6,8.52,False,Ambient,,2025-01-06 08:46:00,2025-01-06 08:22:00,2025-01-06 09:01:00,2025-01-06 11:18:00,NORMAL,4.83,PENDING
ORD00483,CUST00159,LOC0031,Gated Apartment,Apt-031,13.057434,80.24253,Normal-Item-41,Normal,0.88,11.26,True,Ambient,,2025-01-06 09:06:00,2025-01-06 08:50:00,2025-01-06 09:25:00,2025-01-06 13:02:00,NORMAL,4.15,PENDING
ORD00484,CUST00303,LOC0033,Gated Apartment,Apt-033,13.019103,80.305758,Chemical-Item-37,Chemical,3.59,9.47,False,Ambient,,2025-01-06 10:37:00,2025-01-06 10:17:00,2025-01-06 10:55:00,2025-01-06 13:23:00,LOW,3.26,PENDING
ORD00485,CUST00348,LOC0019,Gated Apartment,Apt-019,13.065316,80.233767,Normal-Item-44,Normal,1.09,4.61,False,Ambient,,2025-01-06 10:05:00,2025-01-06 10:02:00,2025-01-06 10:24:00,2025-01-06 12:41:00,NORMAL,4.9,PENDING
ORD00486,CUST00418,LOC0023,Gated Apartment,Apt-023,13.076622,80.277458,Normal-Item-44,Normal,1.57,9.08,False,Ambient,,2025-01-06 10:18:00,2025-01-06 10:01:00,2025-01-06 10:35:00,2025-01-06 13:56:00,NORMAL,5.22,PENDING
ORD00487,CUST00288,LOC0016,Gated Apartment,Apt-016,13.010665,80.297639,Heavy-Item-12,Heavy,12.45,24.54,False,Ambient,,2025-01-06 08:33:00,2025-01-06 08:28:00,2025-01-06 08:43:00,2025-01-06 10:06:00,NORMAL,3.78,PENDING
ORD00488,CUST00378,LOC0022,Office Complex,Office-022,13.022562,80.266654,Normal-Item-39,Normal,3.11,7.67,False,Ambient,,2025-01-06 11:45:00,2025-01-06 11:33:00,2025-01-06 12:02:00,2025-01-06 13:45:00,NORMAL,2.89,PENDING
ORD00489,CUST00029,LOC0002,Gated Apartment,Apt-002,13.029579,80.302898,Normal-Item-13,Normal,3.9,5.17,False,Ambient,,2025-01-06 12:15:00,2025-01-06 11:51:00,2025-01-06 12:20:00,2025-01-06 13:22:00,URGENT,2.58,PENDING
ORD00490,CUST00418,LOC0021,Office Complex,Office-021,13.058468,80.286849,Frozen-Item-40,Frozen,5.19,12.08,False,Frozen,,2025-01-06 11:59:00,2025-01-06 11:33:00,2025-01-06 12:11:00,2025-01-06 15:14:00,LOW,6.01,PENDING
ORD00491,CUST00277,LOC0023,Gated Apartment,Apt-023,13.075525,80.277287,Normal-Item-46,Normal,4.89,2.06,False,Ambient,,2025-01-06 10:31:00,2025-01-06 10:06:00,2025-01-06 10:50:00,2025-01-06 11:51:00,HIGH,6.44,PENDING
ORD00492,CUST00228,LOC0020,Office Complex,Office-020,13.047137,80.231446,Normal-Item-7,Normal,2.75,8.0,False,Ambient,,2025-01-06 10:58:00,2025-01-06 10:39:00,2025-01-06 11:12:00,2025-01-06 12:03:00,URGENT,2.94,PENDING
ORD00493,CUST00191,LOC0008,Gated Apartment,Apt-008,13.060664,80.248105,Frozen-Item-17,Frozen,5.44,14.19,False,Frozen,,2025-01-06 08:37:00,2025-01-06 08:24:00,2025-01-06 08:43:00,2025-01-06 10:44:00,LOW,3.47,PENDING
ORD00494,CUST00072,LOC0009,Gated Apartment,Apt-009,13.001508,80.288846,Normal-Item-4,Normal,2.32,3.25,False,Ambient,,2025-01-06 11:29:00,2025-01-06 09:15:00,2025-01-06 11:40:00,2025-01-06 12:45:00,NORMAL,3.23,PENDING
ORD00495,CUST00114,LOC0036,Office Complex,Office-036,13.006613,80.248418,Chemical-Item-13,Chemical,3.99,9.08,False,Ambient,,2025-01-06 11:11:00,2025-01-06 10:52:00,2025-01-06 11:20:00,2025-01-06 14:54:00,NORMAL,6.47,PENDING
ORD00496,CUST00455,LOC0034,Gated Apartment,Apt-034,13.023142,80.242611,Frozen-Item-34,Frozen,2.04,10.96,False,Frozen,,2025-01-06 09:02:00,2025-01-06 08:40:00,2025-01-06 09:12:00,2025-01-06 11:59:00,NORMAL,5.77,PENDING
ORD00497,CUST00284,LOC0012,Office Complex,Office-012,13.073478,80.22085,Normal-Item-28,Normal,0.35,5.39,False,Ambient,,2025-01-06 09:45:00,2025-01-06 09:20:00,2025-01-06 09:50:00,2025-01-06 13:47:00,HIGH,3.52,PENDING
ORD00498,CUST00288,LOC0024,Office Complex,Office-024,13.070837,80.297329,Heavy-Item-43,Heavy,10.78,31.13,False,Ambient,,2025-01-06 10:32:00,2025-01-06 10:20:00,2025-01-06 10:48:00,2025-01-06 11:59:00,NORMAL,6.3,PENDING
ORD00499,CUST00338,LOC0036,Office Complex,Office-036,13.005639,80.249172,Fragile-Item-40,Fragile,3.48,9.57,True,Ambient,,2025-01-06 09:30:00,2025-01-06 09:16:00,2025-01-06 09:44:00,2025-01-06 12:28:00,NORMAL,2.61,PENDING
ORD00500,CUST00041,LOC0007,Office Complex,Office-007,13.057382,80.259084,Normal-Item-37,Normal,3.65,9.65,False,Ambient,,2025-01-06 11:35:00,2025-01-06 11:10:00,2025-01-06 11:45:00,2025-01-06 15:06:00,NORMAL,4.51,PENDING
ORD00501,CUST00465,LOC0037,Office Complex,Office-037,13.001376,80.249561,Frozen-Item-23,Frozen,5.28,14.5,False,Frozen,,2025-01-06 11:43:00,2025-01-06 11:14:00,2025-01-06 11:56:00,2025-01-06 13:38:00,NORMAL,3.88,PENDING
ORD00502,CUST00490,LOC0001,Office Complex,Office-001,13.059225,80.26359,Fragile-Item-46,Fragile,2.41,16.03,True,Ambient,,2025-01-06 09:05:00,2025-01-06 08:45:00,2025-01-06 09:15:00,2025-01-06 10:03:00,URGENT,6.38,PENDING
ORD00503,CUST00136,LOC0034,Gated Apartment,Apt-034,13.024228,80.243687,Heavy-Item-16,Heavy,9.21,16.35,False,Ambient,,2025-01-06 10:03:00,2025-01-06 09:44:00,2025-01-06 10:12:00,2025-01-06 12:58:00,NORMAL,4.49,PENDING
ORD00504,CUST00498,LOC0039,Gated Apartment,Apt-039,13.010264,80.276007,Normal-Item-20,Normal,4.45,9.05,False,Ambient,,2025-01-06 08:33:00,2025-01-06 08:21:00,2025-01-06 08:46:00,2025-01-06 10:00:00,URGENT,4.73,PENDING
ORD00505,CUST00345,LOC0036,Office Complex,Office-036,13.007129,80.248829,Heavy-Item-13,Heavy,10.63,30.74,False,Ambient,,2025-01-06 08:58:00,2025-01-06 08:41:00,2025-01-06 09:15:00,2025-01-06 10:27:00,URGENT,5.22,PENDING
ORD00506,CUST00384,LOC0009,Gated Apartment,Apt-009,13.000447,80.289816,Normal-Item-10,Normal,2.76,3.36,False,Ambient,,2025-01-06 11:45:00,2025-01-06 10:49:00,2025-01-06 12:01:00,2025-01-06 15:59:00,NORMAL,3.0,PENDING
ORD00507,CUST00493,LOC0024,Office Complex,Office-024,13.070627,80.296634,Normal-Item-48,Normal,3.24,6.82,False,Ambient,,2025-01-06 11:11:00,2025-01-06 11:07:00,2025-01-06 11:20:00,2025-01-06 14:38:00,LOW,5.96,PENDING
ORD00508,CUST00448,LOC0025,Office Complex,Office-025,13.060678,80.283391,Fragile-Item-35,Fragile,2.3,17.8,True,Ambient,,2025-01-06 09:44:00,2025-01-06 09:25:00,2025-01-06 09:53:00,2025-01-06 10:51:00,URGENT,6.09,PENDING
ORD00509,CUST00430,LOC0020,Office Complex,Office-020,13.047048,80.232197,Fragile-Item-42,Fragile,0.58,13.44,True,Ambient,,2025-01-06 13:44:00,2025-01-06 11:18:00,2025-01-06 13:53:00,2025-01-06 16:10:00,LOW,6.13,PENDING
ORD00510,CUST00089,LOC0029,Gated Apartment,Apt-029,13.004235,80.223419,Frozen-Item-45,Frozen,2.96,11.22,False,Frozen,,2025-01-06 10:16:00,2025-01-06 09:54:00,2025-01-06 10:31:00,2025-01-06 11:20:00,URGENT,2.6,PENDING
ORD00511,CUST00454,LOC0014,Gated Apartment,Apt-014,13.063061,80.286696,Normal-Item-6,Normal,2.03,4.67,False,Ambient,,2025-01-06 11:58:00,2025-01-06 10:17:00,2025-01-06 12:12:00,2025-01-06 13:30:00,NORMAL,4.89,PENDING
ORD00512,CUST00361,LOC0036,Office Complex,Office-036,13.00659,80.247804,Fragile-Item-31,Fragile,2.36,11.79,True,Ambient,,2025-01-06 08:11:00,2025-01-06 08:07:00,2025-01-06 08:19:00,2025-01-06 10:53:00,NORMAL,3.81,PENDING
ORD00513,CUST00484,LOC0034,Gated Apartment,Apt-034,13.023708,80.244119,Chemical-Item-5,Chemical,4.21,5.27,True,Ambient,,2025-01-06 13:03:00,2025-01-06 11:28:00,2025-01-06 13:13:00,2025-01-06 15:16:00,NORMAL,3.93,PENDING
ORD00514,CUST00120,LOC0036,Office Complex,Office-036,13.00745,80.248239,Normal-Item-3,Normal,3.39,5.89,False,Ambient,,2025-01-06 09:06:00,2025-01-06 08:47:00,2025-01-06 09:12:00,2025-01-06 12:08:00,LOW,5.95,PENDING
ORD00515,CUST00192,LOC0001,Office Complex,Office-001,13.0597,80.263601,Fragile-Item-17,Fragile,1.43,6.95,True,Ambient,,2025-01-06 11:11:00,2025-01-06 09:21:00,2025-01-06 11:18:00,2025-01-06 15:02:00,NORMAL,5.19,PENDING
ORD00516,CUST00220,LOC0027,Gated Apartment,Apt-027,13.031362,80.27653,Fragile-Item-45,Fragile,3.2,18.46,True,Ambient,,2025-01-06 09:51:00,2025-01-06 09:26:00,2025-01-06 10:10:00,2025-01-06 11:00:00,URGENT,5.53,PENDING
ORD00517,CUST00178,LOC0002,Gated Apartment,Apt-002,13.029184,80.302779,Fragile-Item-26,Fragile,3.38,13.23,True,Ambient,,2025-01-06 12:12:00,2025-01-06 11:21:00,2025-01-06 12:18:00,2025-01-06 15:14:00,NORMAL,3.71,PENDING
ORD00518,CUST00478,LOC0005,Gated Apartment,Apt-005,12.998425,80.302701,Frozen-Item-45,Frozen,3.75,5.41,True,Frozen,,2025-01-06 10:07:00,2025-01-06 09:59:00,2025-01-06 10:13:00,2025-01-06 11:04:00,URGENT,5.32,PENDING
ORD00519,CUST00479,LOC0025,Office Complex,Office-025,13.060605,80.283269,Frozen-Item-15,Frozen,3.69,6.8,False,Frozen,,2025-01-06 12:07:00,2025-01-06 11:59:00,2025-01-06 12:20:00,2025-01-06 13:05:00,URGENT,4.59,PENDING
ORD00520,CUST00350,LOC0030,Office Complex,Office-030,13.050801,80.263952,Normal-Item-25,Normal,3.1,8.58,False,Ambient,,2025-01-06 09:53:00,2025-01-06 09:46:00,2025-01-06 10:00:00,2025-01-06 11:03:00,HIGH,3.27,PENDING
ORD00521,CUST00045,LOC0028,Gated Apartment,Apt-028,12.994777,80.24977,Normal-Item-20,Normal,3.12,11.29,False,Ambient,,2025-01-06 12:20:00,2025-01-06 11:58:00,2025-01-06 12:35:00,2025-01-06 16:34:00,HIGH,3.61,PENDING
ORD00522,CUST00134,LOC0036,Office Complex,Office-036,13.007456,80.247262,Hot Food-Item-21,Hot Food,2.28,4.08,True,Hot,,2025-01-06 11:16:00,2025-01-06 10:56:00,2025-01-06 11:26:00,2025-01-06 14:14:00,NORMAL,3.41,PENDING
ORD00523,CUST00341,LOC0012,Office Complex,Office-012,13.073735,80.220498,Frozen-Item-11,Frozen,5.04,5.25,False,Frozen,FRO-G3,2025-01-06 10:15:00,2025-01-06 10:09:00,2025-01-06 10:28:00,2025-01-06 11:30:00,URGENT,6.29,PENDING
ORD00524,CUST00454,LOC0012,Office Complex,Office-012,13.073452,80.220835,Normal-Item-19,Normal,4.13,5.53,False,Ambient,,2025-01-06 10:37:00,2025-01-06 10:23:00,2025-01-06 10:49:00,2025-01-06 13:20:00,NORMAL,4.26,PENDING
ORD00525,CUST00361,LOC0012,Office Complex,Office-012,13.073515,80.220446,Frozen-Item-25,Frozen,2.32,4.22,False,Frozen,,2025-01-06 08:32:00,2025-01-06 08:30:00,2025-01-06 08:38:00,2025-01-06 10:33:00,NORMAL,5.35,PENDING
ORD00526,CUST00335,LOC0004,Gated Apartment,Apt-004,13.053451,80.251275,Frozen-Item-35,Frozen,1.94,8.88,False,Frozen,FRO-G2,2025-01-06 10:12:00,2025-01-06 10:00:00,2025-01-06 10:31:00,2025-01-06 12:29:00,NORMAL,4.45,PENDING
ORD00527,CUST00390,LOC0002,Gated Apartment,Apt-002,13.02953,80.303602,Heavy-Item-35,Heavy,9.26,15.39,False,Ambient,,2025-01-06 11:31:00,2025-01-06 11:28:00,2025-01-06 11:42:00,2025-01-06 14:42:00,NORMAL,5.47,PENDING
ORD00528,CUST00106,LOC0005,Gated Apartment,Apt-005,12.99767,80.303629,Normal-Item-32,Normal,2.14,2.46,False,Ambient,,2025-01-06 11:23:00,2025-01-06 10:55:00,2025-01-06 11:31:00,2025-01-06 13:48:00,HIGH,3.73,PENDING
ORD00529,CUST00341,LOC0037,Office Complex,Office-037,13.002057,80.248531,Fragile-Item-31,Fragile,0.69,6.69,True,Ambient,,2025-01-06 10:31:00,2025-01-06 09:13:00,2025-01-06 10:49:00,2025-01-06 13:57:00,NORMAL,6.14,PENDING
ORD00530,CUST00057,LOC0035,Gated Apartment,Apt-035,13.032678,80.225952,Hot Food-Item-32,Hot Food,2.79,5.05,False,Hot,,2025-01-06 08:26:00,2025-01-06 08:12:00,2025-01-06 08:40:00,2025-01-06 11:48:00,HIGH,6.4,PENDING
ORD00531,CUST00395,LOC0009,Gated Apartment,Apt-009,13.001541,80.28836,Normal-Item-30,Normal,4.91,11.03,True,Ambient,,2025-01-06 11:36:00,2025-01-06 09:26:00,2025-01-06 11:46:00,2025-01-06 13:13:00,LOW,4.5,PENDING
ORD00532,CUST00202,LOC0040,Gated Apartment,Apt-040,13.049233,80.297597,Heavy-Item-30,Heavy,9.95,22.42,False,Ambient,,2025-01-06 12:05:00,2025-01-06 11:41:00,2025-01-06 12:19:00,2025-01-06 14:40:00,LOW,3.82,PENDING
ORD00533,CUST00371,LOC0002,Gated Apartment,Apt-002,13.029301,80.303168,Fragile-Item-43,Fragile,3.64,19.78,True,Ambient,,2025-01-06 10:08:00,2025-01-06 10:03:00,2025-01-06 10:13:00,2025-01-06 12:01:00,LOW,5.01,PENDING
ORD00534,CUST00171,LOC0033,Gated Apartment,Apt-033,13.018807,80.305086,Normal-Item-3,Normal,3.52,9.26,False,Ambient,,2025-01-06 10:21:00,2025-01-06 10:11:00,2025-01-06 10:36:00,2025-01-06 11:25:00,URGENT,3.88,PENDING
ORD00535,CUST00248,LOC0039,Gated Apartment,Apt-039,13.01088,80.274773,Hot Food-Item-5,Hot Food,1.77,7.91,False,Hot,,2025-01-06 08:23:00,2025-01-06 08:11:00,2025-01-06 08:29:00,2025-01-06 09:34:00,URGENT,6.27,PENDING
ORD00536,CUST00211,LOC0002,Gated Apartment,Apt-002,13.029259,80.303772,Hot Food-Item-26,Hot Food,1.32,7.93,False,Hot,,2025-01-06 09:31:00,2025-01-06 08:20:00,2025-01-06 09:50:00,2025-01-06 13:08:00,NORMAL,3.0,PENDING
ORD00537,CUST00225,LOC0009,Gated Apartment,Apt-009,13.001455,80.28832,Frozen-Item-27,Frozen,4.88,5.57,False,Frozen,,2025-01-06 11:08:00,2025-01-06 11:02:00,2025-01-06 11:27:00,2025-01-06 12:45:00,LOW,5.47,PENDING
ORD00538,CUST00282,LOC0040,Gated Apartment,Apt-040,13.050121,80.298522,Normal-Item-23,Normal,4.7,6.02,False,Ambient,,2025-01-06 08:28:00,2025-01-06 08:12:00,2025-01-06 08:40:00,2025-01-06 12:36:00,LOW,5.01,PENDING
ORD00539,CUST00124,LOC0028,Gated Apartment,Apt-028,12.993493,80.249931,Fragile-Item-11,Fragile,2.86,10.61,True,Ambient,,2025-01-06 11:23:00,2025-01-06 11:20:00,2025-01-06 11:28:00,2025-01-06 14:03:00,NORMAL,4.63,PENDING
ORD00540,CUST00170,LOC0005,Gated Apartment,Apt-005,12.998735,80.303511,Fragile-Item-33,Fragile,1.06,12.92,True,Ambient,,2025-01-06 12:14:00,2025-01-06 11:57:00,2025-01-06 12:21:00,2025-01-06 14:26:00,NORMAL,3.68,PENDING
ORD00541,CUST00029,LOC0030,Office Complex,Office-030,13.053344,80.263867,Normal-Item-45,Normal,1.59,2.45,False,Ambient,,2025-01-06 10:05:00,2025-01-06 09:42:00,2025-01-06 10:21:00,2025-01-06 12:36:00,NORMAL,3.8,PENDING
ORD00542,CUST00127,LOC0005,Gated Apartment,Apt-005,12.998887,80.303306,Normal-Item-5,Normal,3.12,3.52,False,Ambient,,2025-01-06 11:38:00,2025-01-06 11:24:00,2025-01-06 11:50:00,2025-01-06 14:25:00,LOW,3.98,PENDING
ORD00543,CUST00134,LOC0032,Gated Apartment,Apt-032,13.076201,80.260462,Hot Food-Item-3,Hot Food,2.78,8.51,False,Hot,,2025-01-06 10:15:00,2025-01-06 09:49:00,2025-01-06 10:29:00,2025-01-06 14:00:00,LOW,6.06,PENDING
ORD00544,CUST00062,LOC0037,Office Complex,Office-037,13.002344,80.249923,Normal-Item-19,Normal,0.43,5.48,False,Ambient,,2025-01-06 11:32:00,2025-01-06 11:21:00,2025-01-06 11:44:00,2025-01-06 13:03:00,NORMAL,5.27,PENDING
ORD00545,CUST00381,LOC0018,Gated Apartment,Apt-018,12.995717,80.276093,Normal-Item-13,Normal,0.71,11.53,False,Ambient,,2025-01-06 08:26:00,2025-01-06 08:12:00,2025-01-06 08:34:00,2025-01-06 10:24:00,NORMAL,3.33,PENDING
ORD00546,CUST00444,LOC0016,Gated Apartment,Apt-016,13.010403,80.29783,Chemical-Item-43,Chemical,5.85,10.47,False,Ambient,,2025-01-06 12:04:00,2025-01-06 11:56:00,2025-01-06 12:21:00,2025-01-06 14:58:00,NORMAL,5.31,PENDING
ORD00547,CUST00067,LOC0039,Gated Apartment,Apt-039,13.009923,80.275706,Hot Food-Item-40,Hot Food,1.39,6.38,False,Hot,,2025-01-06 09:02:00,2025-01-06 08:46:00,2025-01-06 09:18:00,2025-01-06 10:41:00,LOW,4.65,PENDING
ORD00548,CUST00460,LOC0023,Gated Apartment,Apt-023,13.077507,80.276311,Normal-Item-39,Normal,2.9,8.59,False,Ambient,,2025-01-06 10:57:00,2025-01-06 10:43:00,2025-01-06 11:08:00,2025-01-06 13:23:00,NORMAL,2.93,PENDING
ORD00549,CUST00164,LOC0024,Office Complex,Office-024,13.070761,80.29617,Chemical-Item-34,Chemical,5.8,2.9,False,Ambient,,2025-01-06 08:58:00,2025-01-06 08:44:00,2025-01-06 09:08:00,2025-01-06 11:31:00,NORMAL,5.94,PENDING
ORD00550,CUST00157,LOC0005,Gated Apartment,Apt-005,12.999762,80.303352,Normal-Item-10,Normal,2.68,4.86,False,Ambient,,2025-01-06 08:31:00,2025-01-06 08:10:00,2025-01-06 08:49:00,2025-01-06 11:36:00,NORMAL,5.56,PENDING
ORD00551,CUST00092,LOC0002,Gated Apartment,Apt-002,13.029049,80.303096,Heavy-Item-49,Heavy,6.35,17.55,False,Ambient,,2025-01-06 11:19:00,2025-01-06 10:57:00,2025-01-06 11:30:00,2025-01-06 12:42:00,URGENT,4.65,PENDING
ORD00552,CUST00368,LOC0002,Gated Apartment,Apt-002,13.02999,80.303837,Normal-Item-35,Normal,0.69,7.42,False,Ambient,,2025-01-06 08:28:00,2025-01-06 08:08:00,2025-01-06 08:34:00,2025-01-06 09:42:00,LOW,3.48,PENDING
ORD00553,CUST00292,LOC0032,Gated Apartment,Apt-032,13.076738,80.26031,Normal-Item-18,Normal,3.62,8.59,False,Ambient,,2025-01-06 09:24:00,2025-01-06 09:11:00,2025-01-06 09:30:00,2025-01-06 12:15:00,NORMAL,2.33,PENDING
ORD00554,CUST00348,LOC0015,Gated Apartment,Apt-015,13.028668,80.290324,Heavy-Item-21,Heavy,14.51,28.25,False,Ambient,,2025-01-06 09:31:00,2025-01-06 09:24:00,2025-01-06 09:38:00,2025-01-06 12:08:00,NORMAL,2.63,PENDING
ORD00555,CUST00097,LOC0032,Gated Apartment,Apt-032,13.076814,80.260837,Hot Food-Item-11,Hot Food,0.63,9.51,False,Hot,,2025-01-06 12:15:00,2025-01-06 11:55:00,2025-01-06 12:25:00,2025-01-06 14:16:00,NORMAL,2.83,PENDING
ORD00556,CUST00364,LOC0028,Gated Apartment,Apt-028,12.994724,80.250507,Normal-Item-18,Normal,2.92,2.7,False,Ambient,,2025-01-06 09:20:00,2025-01-06 09:01:00,2025-01-06 09:25:00,2025-01-06 11:35:00,NORMAL,2.75,PENDING
ORD00557,CUST00419,LOC0021,Office Complex,Office-021,13.059078,80.286817,Normal-Item-21,Normal,4.68,6.14,False,Ambient,,2025-01-06 10:52:00,2025-01-06 10:23:00,2025-01-06 11:06:00,2025-01-06 12:24:00,LOW,5.05,PENDING
ORD00558,CUST00104,LOC0005,Gated Apartment,Apt-005,12.998637,80.303112,Chemical-Item-8,Chemical,1.99,4.59,False,Ambient,,2025-01-06 11:55:00,2025-01-06 11:34:00,2025-01-06 12:08:00,2025-01-06 13:33:00,NORMAL,2.19,PENDING
ORD00559,CUST00384,LOC0010,Gated Apartment,Apt-010,13.031238,80.233257,Hot Food-Item-42,Hot Food,2.6,9.71,False,Hot,,2025-01-06 11:28:00,2025-01-06 11:07:00,2025-01-06 11:38:00,2025-01-06 14:42:00,LOW,2.91,PENDING
ORD00560,CUST00498,LOC0027,Gated Apartment,Apt-027,13.03224,80.275989,Hot Food-Item-28,Hot Food,1.9,9.61,False,Hot,,2025-01-06 11:35:00,2025-01-06 09:20:00,2025-01-06 11:47:00,2025-01-06 14:34:00,HIGH,6.28,PENDING
ORD00561,CUST00181,LOC0017,Gated Apartment,Apt-017,13.040005,80.266844,Frozen-Item-15,Frozen,4.51,10.0,False,Frozen,,2025-01-06 08:12:00,2025-01-06 08:06:00,2025-01-06 08:25:00,2025-01-06 10:19:00,NORMAL,2.01,PENDING
ORD00562,CUST00009,LOC0014,Gated Apartment,Apt-014,13.064802,80.286649,Heavy-Item-29,Heavy,7.76,20.27,False,Ambient,,2025-01-06 08:37:00,2025-01-06 08:24:00,2025-01-06 08:55:00,2025-01-06 12:17:00,NORMAL,4.66,PENDING
ORD00563,CUST00229,LOC0033,Gated Apartment,Apt-033,13.020071,80.306611,Normal-Item-12,Normal,4.37,6.29,False,Ambient,,2025-01-06 10:23:00,2025-01-06 09:16:00,2025-01-06 10:40:00,2025-01-06 14:23:00,NORMAL,6.19,PENDING
ORD00564,CUST00445,LOC0040,Gated Apartment,Apt-040,13.050254,80.298291,Fragile-Item-35,Fragile,2.92,10.9,True,Ambient,,2025-01-06 09:55:00,2025-01-06 09:32:00,2025-01-06 10:00:00,2025-01-06 13:02:00,LOW,3.37,PENDING
ORD00565,CUST00212,LOC0007,Office Complex,Office-007,13.058015,80.259203,Fragile-Item-40,Fragile,3.15,19.09,True,Ambient,,2025-01-06 08:58:00,2025-01-06 08:55:00,2025-01-06 09:04:00,2025-01-06 10:47:00,HIGH,4.4,PENDING
ORD00566,CUST00269,LOC0040,Gated Apartment,Apt-040,13.050051,80.298031,Fragile-Item-41,Fragile,0.53,8.64,True,Ambient,,2025-01-06 10:33:00,2025-01-06 10:04:00,2025-01-06 10:42:00,2025-01-06 12:32:00,NORMAL,2.57,PENDING
ORD00567,CUST00226,LOC0024,Office Complex,Office-024,13.070726,80.295654,Normal-Item-23,Normal,1.89,2.65,False,Ambient,,2025-01-06 10:05:00,2025-01-06 09:51:00,2025-01-06 10:10:00,2025-01-06 12:38:00,HIGH,6.19,PENDING
ORD00568,CUST00370,LOC0030,Office Complex,Office-030,13.050976,80.262667,Frozen-Item-46,Frozen,4.5,4.29,False,Frozen,,2025-01-06 12:13:00,2025-01-06 11:48:00,2025-01-06 12:27:00,2025-01-06 14:43:00,NORMAL,5.27,PENDING
ORD00569,CUST00304,LOC0010,Gated Apartment,Apt-010,13.030742,80.234331,Frozen-Item-10,Frozen,2.88,10.37,False,Frozen,,2025-01-06 10:03:00,2025-01-06 09:35:00,2025-01-06 10:22:00,2025-01-06 12:31:00,NORMAL,3.98,PENDING
ORD00570,CUST00320,LOC0033,Gated Apartment,Apt-033,13.019311,80.305531,Normal-Item-29,Normal,2.27,7.54,True,Ambient,,2025-01-06 10:07:00,2025-01-06 09:44:00,2025-01-06 10:17:00,2025-01-06 12:36:00,NORMAL,4.72,PENDING
ORD00571,CUST00121,LOC0006,Gated Apartment,Apt-006,13.077697,80.300852,Normal-Item-10,Normal,2.71,7.21,False,Ambient,,2025-01-06 11:26:00,2025-01-06 11:18:00,2025-01-06 11:40:00,2025-01-06 15:06:00,LOW,3.55,PENDING
ORD00572,CUST00097,LOC0010,Gated Apartment,Apt-010,13.030663,80.23398,Normal-Item-4,Normal,2.09,8.72,False,Ambient,,2025-01-06 10:41:00,2025-01-06 10:12:00,2025-01-06 10:56:00,2025-01-06 14:12:00,LOW,4.43,PENDING
ORD00573,CUST00200,LOC0010,Gated Apartment,Apt-010,13.032129,80.23313,Fragile-Item-21,Fragile,1.87,8.82,True,Ambient,,2025-01-06 10:43:00,2025-01-06 10:17:00,2025-01-06 10:55:00,2025-01-06 11:56:00,URGENT,6.18,PENDING
ORD00574,CUST00076,LOC0033,Gated Apartment,Apt-033,13.019384,80.304864,Heavy-Item-49,Heavy,13.65,17.28,False,Ambient,,2025-01-06 11:49:00,2025-01-06 11:22:00,2025-01-06 12:00:00,2025-01-06 14:42:00,NORMAL,2.1,PENDING
ORD00575,CUST00119,LOC0037,Office Complex,Office-037,13.002592,80.24848,Normal-Item-7,Normal,2.17,5.35,False,Ambient,,2025-01-06 09:33:00,2025-01-06 09:12:00,2025-01-06 09:44:00,2025-01-06 11:56:00,NORMAL,2.28,PENDING
ORD00576,CUST00075,LOC0017,Gated Apartment,Apt-017,13.038936,80.265813,Hot Food-Item-12,Hot Food,1.28,8.49,False,Hot,,2025-01-06 08:52:00,2025-01-06 08:25:00,2025-01-06 08:59:00,2025-01-06 11:01:00,NORMAL,4.95,PENDING
ORD00577,CUST00479,LOC0013,Gated Apartment,Apt-013,13.047362,80.299353,Hot Food-Item-18,Hot Food,0.78,9.48,False,Hot,,2025-01-06 10:48:00,2025-01-06 10:25:00,2025-01-06 10:58:00,2025-01-06 11:43:00,URGENT,6.48,PENDING
ORD00578,CUST00302,LOC0007,Office Complex,Office-007,13.058619,80.258176,Normal-Item-13,Normal,0.64,5.91,False,Ambient,,2025-01-06 11:30:00,2025-01-06 10:04:00,2025-01-06 11:36:00,2025-01-06 14:52:00,LOW,5.45,PENDING
ORD00579,CUST00244,LOC0021,Office Complex,Office-021,13.059512,80.286319,Normal-Item-44,Normal,4.19,11.4,False,Ambient,,2025-01-06 09:47:00,2025-01-06 09:28:00,2025-01-06 10:06:00,2025-01-06 13:46:00,NORMAL,2.71,PENDING
ORD00580,CUST00073,LOC0011,Gated Apartment,Apt-011,13.02313,80.24072,Normal-Item-20,Normal,2.29,9.48,False,Ambient,,2025-01-06 11:20:00,2025-01-06 11:09:00,2025-01-06 11:26:00,2025-01-06 12:41:00,NORMAL,2.75,PENDING
ORD00581,CUST00172,LOC0030,Office Complex,Office-030,13.050749,80.264474,Frozen-Item-38,Frozen,5.75,9.05,True,Frozen,,2025-01-06 09:23:00,2025-01-06 08:59:00,2025-01-06 09:34:00,2025-01-06 10:37:00,NORMAL,5.17,PENDING
ORD00582,CUST00180,LOC0031,Gated Apartment,Apt-031,13.056362,80.240647,Normal-Item-46,Normal,3.55,8.67,False,Ambient,,2025-01-06 08:53:00,2025-01-06 08:24:00,2025-01-06 09:00:00,2025-01-06 11:23:00,HIGH,4.46,PENDING
ORD00583,CUST00238,LOC0031,Gated Apartment,Apt-031,13.056903,80.240681,Normal-Item-35,Normal,2.86,2.63,False,Ambient,,2025-01-06 10:05:00,2025-01-06 09:42:00,2025-01-06 10:13:00,2025-01-06 13:40:00,NORMAL,2.86,PENDING
ORD00584,CUST00105,LOC0024,Office Complex,Office-024,13.070358,80.296354,Normal-Item-26,Normal,3.52,10.28,False,Ambient,,2025-01-06 08:35:00,2025-01-06 08:22:00,2025-01-06 08:45:00,2025-01-06 11:59:00,NORMAL,5.74,PENDING
ORD00585,CUST00447,LOC0008,Gated Apartment,Apt-008,13.060627,80.248488,Normal-Item-25,Normal,4.55,10.83,False,Ambient,,2025-01-06 08:21:00,2025-01-06 08:05:00,2025-01-06 08:33:00,2025-01-06 09:45:00,NORMAL,2.72,PENDING
ORD00586,CUST00137,LOC0020,Office Complex,Office-020,13.046654,80.231392,Normal-Item-11,Normal,2.9,11.81,False,Ambient,,2025-01-06 09:36:00,2025-01-06 09:13:00,2025-01-06 09:45:00,2025-01-06 10:42:00,URGENT,4.47,PENDING
ORD00587,CUST00157,LOC0022,Office Complex,Office-022,13.021179,80.268164,Frozen-Item-28,Frozen,5.18,8.5,False,Frozen,,2025-01-06 10:23:00,2025-01-06 10:18:00,2025-01-06 10:36:00,2025-01-06 11:46:00,URGENT,2.77,PENDING
ORD00588,CUST00360,LOC0018,Gated Apartment,Apt-018,12.994968,80.276254,Fragile-Item-38,Fragile,2.84,11.52,True,Ambient,,2025-01-06 09:41:00,2025-01-06 09:27:00,2025-01-06 09:46:00,2025-01-06 10:47:00,URGENT,4.46,PENDING
ORD00589,CUST00343,LOC0018,Gated Apartment,Apt-018,12.995653,80.277229,Normal-Item-15,Normal,3.06,10.34,False,Ambient,,2025-01-06 10:10:00,2025-01-06 10:00:00,2025-01-06 10:17:00,2025-01-06 14:10:00,LOW,4.25,PENDING
ORD00590,CUST00263,LOC0004,Gated Apartment,Apt-004,13.053109,80.250423,Hot Food-Item-39,Hot Food,2.86,9.0,False,Hot,,2025-01-06 08:17:00,2025-01-06 08:13:00,2025-01-06 08:31:00,2025-01-06 12:26:00,NORMAL,4.48,PENDING
ORD00591,CUST00086,LOC0024,Office Complex,Office-024,13.069674,80.295901,Normal-Item-23,Normal,0.42,10.82,False,Ambient,,2025-01-06 10:42:00,2025-01-06 10:22:00,2025-01-06 10:58:00,2025-01-06 13:04:00,NORMAL,5.44,PENDING
ORD00592,CUST00251,LOC0017,Gated Apartment,Apt-017,13.0407,80.26577,Hot Food-Item-4,Hot Food,0.56,6.04,False,Hot,,2025-01-06 09:16:00,2025-01-06 09:11:00,2025-01-06 09:35:00,2025-01-06 11:36:00,HIGH,2.89,PENDING
ORD00593,CUST00252,LOC0022,Office Complex,Office-022,13.02271,80.266402,Fragile-Item-12,Fragile,3.72,14.83,True,Ambient,,2025-01-06 10:48:00,2025-01-06 10:37:00,2025-01-06 11:05:00,2025-01-06 12:51:00,NORMAL,4.35,PENDING
ORD00594,CUST00393,LOC0033,Gated Apartment,Apt-033,13.019196,80.305116,Normal-Item-27,Normal,0.42,4.83,False,Ambient,,2025-01-06 10:26:00,2025-01-06 10:02:00,2025-01-06 10:32:00,2025-01-06 11:32:00,LOW,5.72,PENDING
ORD00595,CUST00080,LOC0021,Office Complex,Office-021,13.057704,80.286797,Normal-Item-46,Normal,4.06,9.09,False,Ambient,,2025-01-06 12:13:00,2025-01-06 11:46:00,2025-01-06 12:24:00,2025-01-06 14:05:00,NORMAL,6.11,PENDING
ORD00596,CUST00148,LOC0001,Office Complex,Office-001,13.059729,80.264271,Frozen-Item-48,Frozen,1.81,10.59,False,Frozen,,2025-01-06 09:30:00,2025-01-06 09:21:00,2025-01-06 09:42:00,2025-01-06 13:22:00,LOW,4.38,PENDING
ORD00597,CUST00410,LOC0025,Office Complex,Office-025,13.060381,80.283341,Normal-Item-21,Normal,2.89,3.06,False,Ambient,,2025-01-06 12:04:00,2025-01-06 11:42:00,2025-01-06 12:23:00,2025-01-06 14:08:00,HIGH,5.13,PENDING
ORD00598,CUST00286,LOC0002,Gated Apartment,Apt-002,13.028567,80.30417,Normal-Item-1,Normal,4.68,9.39,False,Ambient,,2025-01-06 11:20:00,2025-01-06 11:15:00,2025-01-06 11:27:00,2025-01-06 12:19:00,URGENT,2.82,PENDING
ORD00599,CUST00355,LOC0034,Gated Apartment,Apt-034,13.023141,80.243897,Fragile-Item-43,Fragile,3.11,13.27,True,Ambient,,2025-01-06 09:44:00,2025-01-06 09:22:00,2025-01-06 09:58:00,2025-01-06 12:57:00,NORMAL,5.56,PENDING
ORD00600,CUST00099,LOC0030,Office Complex,Office-030,13.051467,80.26333,Normal-Item-39,Normal,4.41,5.05,False,Ambient,,2025-01-06 12:15:00,2025-01-06 11:49:00,2025-01-06 12:30:00,2025-01-06 16:15:00,NORMAL,5.12,PENDING
ORD00601,CUST00267,LOC0038,Office Complex,Office-038,13.033967,80.285016,Normal-Item-24,Normal,4.77,7.25,True,Ambient,,2025-01-06 11:21:00,2025-01-06 11:12:00,2025-01-06 11:35:00,2025-01-06 13:58:00,NORMAL,2.01,PENDING
ORD00602,CUST00329,LOC0006,Gated Apartment,Apt-006,13.078096,80.300245,Normal-Item-21,Normal,2.59,8.37,False,Ambient,,2025-01-06 10:22:00,2025-01-06 10:19:00,2025-01-06 10:31:00,2025-01-06 13:59:00,HIGH,4.92,PENDING
ORD00603,CUST00364,LOC0031,Gated Apartment,Apt-031,13.056031,80.242064,Normal-Item-47,Normal,4.94,8.62,False,Ambient,,2025-01-06 08:14:00,2025-01-06 08:12:00,2025-01-06 08:30:00,2025-01-06 09:35:00,NORMAL,4.89,PENDING
ORD00604,CUST00427,LOC0026,Office Complex,Office-026,13.007293,80.275497,Fragile-Item-15,Fragile,2.9,7.67,True,Ambient,,2025-01-06 11:51:00,2025-01-06 11:29:00,2025-01-06 12:05:00,2025-01-06 15:20:00,NORMAL,2.22,PENDING
ORD00605,CUST00269,LOC0034,Gated Apartment,Apt-034,13.023527,80.243904,Fragile-Item-11,Fragile,2.31,5.08,True,Ambient,,2025-01-06 11:41:00,2025-01-06 11:27:00,2025-01-06 11:47:00,2025-01-06 13:28:00,NORMAL,2.07,PENDING
ORD00606,CUST00108,LOC0003,Office Complex,Office-003,13.06848,80.290666,Normal-Item-17,Normal,1.81,5.79,False,Ambient,,2025-01-06 08:39:00,2025-01-06 08:31:00,2025-01-06 08:53:00,2025-01-06 12:45:00,NORMAL,2.54,PENDING
ORD00607,CUST00228,LOC0027,Gated Apartment,Apt-027,13.031199,80.275769,Fragile-Item-5,Fragile,1.99,9.09,True,Ambient,,2025-01-06 10:24:00,2025-01-06 09:57:00,2025-01-06 10:43:00,2025-01-06 13:22:00,HIGH,5.1,PENDING
ORD00608,CUST00309,LOC0003,Office Complex,Office-003,13.0685,80.289254,Normal-Item-39,Normal,4.93,3.82,False,Ambient,,2025-01-06 10:15:00,2025-01-06 09:53:00,2025-01-06 10:30:00,2025-01-06 11:50:00,NORMAL,4.74,PENDING
ORD00609,CUST00018,LOC0030,Office Complex,Office-030,13.05164,80.264904,Frozen-Item-27,Frozen,2.28,4.35,False,Frozen,,2025-01-06 08:47:00,2025-01-06 08:30:00,2025-01-06 08:56:00,2025-01-06 10:01:00,URGENT,5.57,PENDING
ORD00610,CUST00307,LOC0007,Office Complex,Office-007,13.058532,80.258573,Normal-Item-36,Normal,1.6,7.5,False,Ambient,,2025-01-06 10:58:00,2025-01-06 10:47:00,2025-01-06 11:11:00,2025-01-06 12:12:00,HIGH,3.58,PENDING
ORD00611,CUST00375,LOC0004,Gated Apartment,Apt-004,13.053006,80.250913,Normal-Item-34,Normal,0.43,3.95,False,Ambient,,2025-01-06 11:20:00,2025-01-06 10:51:00,2025-01-06 11:25:00,2025-01-06 13:46:00,NORMAL,4.28,PENDING
ORD00612,CUST00392,LOC0015,Gated Apartment,Apt-015,13.029967,80.290171,Normal-Item-32,Normal,2.01,4.23,False,Ambient,,2025-01-06 10:33:00,2025-01-06 10:21:00,2025-01-06 10:49:00,2025-01-06 13:44:00,NORMAL,5.53,PENDING
ORD00613,CUST00394,LOC0027,Gated Apartment,Apt-027,13.033099,80.276045,Frozen-Item-25,Frozen,3.84,8.42,False,Frozen,,2025-01-06 08:42:00,2025-01-06 08:40:00,2025-01-06 08:58:00,2025-01-06 12:30:00,NORMAL,5.73,PENDING
ORD00614,CUST00312,LOC0007,Office Complex,Office-007,13.057777,80.258211,Normal-Item-4,Normal,1.21,7.96,False,Ambient,,2025-01-06 11:24:00,2025-01-06 11:15:00,2025-01-06 11:30:00,2025-01-06 15:01:00,NORMAL,4.54,PENDING
ORD00615,CUST00479,LOC0023,Gated Apartment,Apt-023,13.078367,80.27544,Frozen-Item-5,Frozen,4.38,5.98,False,Frozen,,2025-01-06 10:53:00,2025-01-06 10:43:00,2025-01-06 11:10:00,2025-01-06 12:27:00,NORMAL,3.13,PENDING
ORD00616,CUST00150,LOC0027,Gated Apartment,Apt-027,13.03192,80.275816,Normal-Item-21,Normal,4.15,10.85,False,Ambient,,2025-01-06 08:53:00,2025-01-06 08:42:00,2025-01-06 09:05:00,2025-01-06 11:51:00,NORMAL,2.61,PENDING
ORD00617,CUST00293,LOC0030,Office Complex,Office-030,13.051267,80.263102,Normal-Item-26,Normal,3.98,7.5,True,Ambient,,2025-01-06 08:39:00,2025-01-06 08:30:00,2025-01-06 08:57:00,2025-01-06 11:25:00,LOW,6.33,PENDING
ORD00618,CUST00362,LOC0035,Gated Apartment,Apt-035,13.031599,80.226291,Frozen-Item-47,Frozen,4.88,13.86,False,Frozen,,2025-01-06 08:34:00,2025-01-06 08:21:00,2025-01-06 08:47:00,2025-01-06 12:29:00,LOW,6.31,PENDING
ORD00619,CUST00069,LOC0022,Office Complex,Office-022,13.022304,80.26726,Fragile-Item-1,Fragile,1.87,6.22,True,Ambient,,2025-01-06 08:30:00,2025-01-06 08:21:00,2025-01-06 08:45:00,2025-01-06 09:56:00,NORMAL,2.66,PENDING
ORD00620,CUST00007,LOC0024,Office Complex,Office-024,13.070399,80.295758,Hot Food-Item-47,Hot Food,1.98,8.58,False,Hot,,2025-01-06 10:31:00,2025-01-06 09:05:00,2025-01-06 10:41:00,2025-01-06 11:57:00,NORMAL,5.97,PENDING
ORD00621,CUST00275,LOC0023,Gated Apartment,Apt-023,13.077306,80.276379,Normal-Item-19,Normal,4.31,7.96,False,Ambient,,2025-01-06 09:04:00,2025-01-06 08:51:00,2025-01-06 09:10:00,2025-01-06 12:36:00,NORMAL,5.94,PENDING
ORD00622,CUST00353,LOC0001,Office Complex,Office-001,13.058844,80.263848,Normal-Item-3,Normal,4.43,8.9,False,Ambient,,2025-01-06 09:37:00,2025-01-06 09:22:00,2025-01-06 09:43:00,2025-01-06 11:26:00,NORMAL,2.69,PENDING
ORD00623,CUST00088,LOC0022,Office Complex,Office-022,13.021638,80.267596,Frozen-Item-17,Frozen,4.53,12.27,False,Frozen,,2025-01-06 08:24:00,2025-01-06 08:08:00,2025-01-06 08:30:00,2025-01-06 12:11:00,NORMAL,2.85,PENDING
ORD00624,CUST00352,LOC0038,Office Complex,Office-038,13.032527,80.285872,Normal-Item-27,Normal,2.21,10.14,False,Ambient,,2025-01-06 10:56:00,2025-01-06 10:48:00,2025-01-06 11:12:00,2025-01-06 13:48:00,NORMAL,3.19,PENDING
ORD00625,CUST00175,LOC0037,Office Complex,Office-037,13.001925,80.249165,Normal-Item-27,Normal,3.81,2.07,False,Ambient,,2025-01-06 11:18:00,2025-01-06 10:59:00,2025-01-06 11:30:00,2025-01-06 14:48:00,LOW,4.75,PENDING
ORD00626,CUST00248,LOC0039,Gated Apartment,Apt-039,13.010896,80.276597,Hot Food-Item-35,Hot Food,2.9,4.52,True,Hot,,2025-01-06 10:36:00,2025-01-06 10:22:00,2025-01-06 10:45:00,2025-01-06 12:34:00,HIGH,5.54,PENDING
ORD00627,CUST00002,LOC0016,Gated Apartment,Apt-016,13.009357,80.298071,Normal-Item-14,Normal,1.69,7.01,False,Ambient,,2025-01-06 10:07:00,2025-01-06 09:47:00,2025-01-06 10:19:00,2025-01-06 13:18:00,NORMAL,4.78,PENDING
ORD00628,CUST00423,LOC0029,Gated Apartment,Apt-029,13.00473,80.223246,Fragile-Item-3,Fragile,1.79,7.51,True,Ambient,,2025-01-06 12:01:00,2025-01-06 11:45:00,2025-01-06 12:13:00,2025-01-06 15:54:00,NORMAL,5.72,PENDING
ORD00629,CUST00141,LOC0004,Gated Apartment,Apt-004,13.052943,80.251319,Hot Food-Item-8,Hot Food,2.29,7.38,False,Hot,,2025-01-06 08:18:00,2025-01-06 08:07:00,2025-01-06 08:32:00,2025-01-06 11:22:00,NORMAL,6.4,PENDING
ORD00630,CUST00019,LOC0036,Office Complex,Office-036,13.007263,80.248238,Normal-Item-24,Normal,0.96,5.65,False,Ambient,,2025-01-06 11:45:00,2025-01-06 11:17:00,2025-01-06 12:01:00,2025-01-06 15:10:00,LOW,3.11,PENDING
ORD00631,CUST00422,LOC0032,Gated Apartment,Apt-032,13.076918,80.261063,Normal-Item-43,Normal,2.87,8.96,True,Ambient,,2025-01-06 11:14:00,2025-01-06 10:49:00,2025-01-06 11:29:00,2025-01-06 13:30:00,NORMAL,4.93,PENDING
ORD00632,CUST00260,LOC0033,Gated Apartment,Apt-033,13.019158,80.30528,Normal-Item-45,Normal,4.97,11.09,False,Ambient,,2025-01-06 11:40:00,2025-01-06 11:18:00,2025-01-06 11:58:00,2025-01-06 12:58:00,LOW,3.51,PENDING
ORD00633,CUST00154,LOC0013,Gated Apartment,Apt-013,13.048028,80.298444,Normal-Item-23,Normal,4.53,7.61,False,Ambient,,2025-01-06 12:10:00,2025-01-06 09:50:00,2025-01-06 12:16:00,2025-01-06 13:58:00,NORMAL,2.29,PENDING
ORD00634,CUST00460,LOC0040,Gated Apartment,Apt-040,13.050561,80.297676,Normal-Item-42,Normal,0.72,7.81,False,Ambient,,2025-01-06 10:27:00,2025-01-06 10:03:00,2025-01-06 10:35:00,2025-01-06 12:04:00,NORMAL,5.76,PENDING
ORD00635,CUST00338,LOC0008,Gated Apartment,Apt-008,13.060731,80.249671,Normal-Item-22,Normal,3.13,5.59,False,Ambient,,2025-01-06 11:14:00,2025-01-06 11:09:00,2025-01-06 11:24:00,2025-01-06 13:22:00,NORMAL,5.34,PENDING
ORD00636,CUST00299,LOC0028,Gated Apartment,Apt-028,12.993662,80.249916,Normal-Item-41,Normal,1.88,6.67,False,Ambient,,2025-01-06 11:29:00,2025-01-06 11:24:00,2025-01-06 11:34:00,2025-01-06 12:21:00,URGENT,3.2,PENDING
ORD00637,CUST00485,LOC0038,Office Complex,Office-038,13.032706,80.286624,Fragile-Item-13,Fragile,0.96,8.34,True,Ambient,,2025-01-06 11:03:00,2025-01-06 10:38:00,2025-01-06 11:16:00,2025-01-06 13:33:00,NORMAL,3.41,PENDING
ORD00638,CUST00074,LOC0029,Gated Apartment,Apt-029,13.004486,80.221884,Frozen-Item-8,Frozen,4.65,6.22,False,Frozen,,2025-01-06 09:39:00,2025-01-06 09:15:00,2025-01-06 09:55:00,2025-01-06 12:44:00,NORMAL,3.95,PENDING
ORD00639,CUST00325,LOC0033,Gated Apartment,Apt-033,13.019663,80.305708,Heavy-Item-6,Heavy,14.64,32.44,False,Ambient,,2025-01-06 11:39:00,2025-01-06 11:24:00,2025-01-06 11:58:00,2025-01-06 14:07:00,NORMAL,2.42,PENDING
ORD00640,CUST00493,LOC0024,Office Complex,Office-024,13.071013,80.295515,Normal-Item-36,Normal,3.57,6.96,False,Ambient,,2025-01-06 12:18:00,2025-01-06 11:00:00,2025-01-06 12:33:00,2025-01-06 14:44:00,LOW,2.22,PENDING
ORD00641,CUST00115,LOC0003,Office Complex,Office-003,13.067965,80.290805,Normal-Item-1,Normal,1.92,5.5,False,Ambient,,2025-01-06 09:50:00,2025-01-06 09:28:00,2025-01-06 10:02:00,2025-01-06 11:10:00,NORMAL,3.83,PENDING
ORD00642,CUST00132,LOC0028,Gated Apartment,Apt-028,12.993893,80.249464,Fragile-Item-8,Fragile,2.22,10.96,True,Ambient,,2025-01-06 13:33:00,2025-01-06 11:44:00,2025-01-06 13:42:00,2025-01-06 15:45:00,NORMAL,2.11,PENDING
ORD00643,CUST00492,LOC0005,Gated Apartment,Apt-005,12.999463,80.303262,Fragile-Item-24,Fragile,3.21,5.54,True,Ambient,,2025-01-06 10:16:00,2025-01-06 09:57:00,2025-01-06 10:22:00,2025-01-06 12:19:00,LOW,5.36,PENDING
ORD00644,CUST00235,LOC0027,Gated Apartment,Apt-027,13.031347,80.276363,Fragile-Item-8,Fragile,1.52,12.8,True,Ambient,,2025-01-06 10:41:00,2025-01-06 10:32:00,2025-01-06 10:50:00,2025-01-06 13:04:00,NORMAL,4.25,PENDING
ORD00645,CUST00055,LOC0013,Gated Apartment,Apt-013,13.04726,80.299405,Normal-Item-48,Normal,4.26,8.26,False,Ambient,,2025-01-06 09:32:00,2025-01-06 09:24:00,2025-01-06 09:48:00,2025-01-06 11:00:00,NORMAL,2.03,PENDING
ORD00646,CUST00393,LOC0040,Gated Apartment,Apt-040,13.050326,80.298013,Frozen-Item-39,Frozen,1.81,14.75,False,Frozen,,2025-01-06 08:28:00,2025-01-06 08:17:00,2025-01-06 08:47:00,2025-01-06 09:56:00,URGENT,6.49,PENDING
ORD00647,CUST00148,LOC0026,Office Complex,Office-026,13.007547,80.276802,Fragile-Item-10,Fragile,3.68,6.74,True,Ambient,,2025-01-06 11:21:00,2025-01-06 11:10:00,2025-01-06 11:31:00,2025-01-06 13:11:00,NORMAL,4.22,PENDING
ORD00648,CUST00179,LOC0024,Office Complex,Office-024,13.070439,80.296388,Fragile-Item-27,Fragile,1.78,14.36,True,Ambient,,2025-01-06 09:05:00,2025-01-06 08:40:00,2025-01-06 09:23:00,2025-01-06 12:51:00,NORMAL,2.94,PENDING
ORD00649,CUST00436,LOC0025,Office Complex,Office-025,13.060438,80.284007,Chemical-Item-35,Chemical,1.79,9.06,False,Ambient,,2025-01-06 09:49:00,2025-01-06 09:43:00,2025-01-06 10:04:00,2025-01-06 12:26:00,LOW,2.29,PENDING
ORD00650,CUST00302,LOC0025,Office Complex,Office-025,13.059709,80.283214,Normal-Item-43,Normal,4.32,2.46,False,Ambient,,2025-01-06 12:22:00,2025-01-06 11:55:00,2025-01-06 12:27:00,2025-01-06 14:31:00,NORMAL,2.46,PENDING
ORD00651,CUST00467,LOC0008,Gated Apartment,Apt-008,13.0604,80.248479,Normal-Item-43,Normal,4.37,9.03,False,Ambient,,2025-01-06 08:35:00,2025-01-06 08:19:00,2025-01-06 08:45:00,2025-01-06 09:51:00,URGENT,4.94,PENDING
ORD00652,CUST00455,LOC0015,Gated Apartment,Apt-015,13.030182,80.29006,Normal-Item-28,Normal,2.98,2.13,False,Ambient,,2025-01-06 10:35:00,2025-01-06 10:10:00,2025-01-06 10:51:00,2025-01-06 13:02:00,NORMAL,3.14,PENDING
ORD00653,CUST00260,LOC0017,Gated Apartment,Apt-017,13.039389,80.265099,Normal-Item-3,Normal,3.95,2.96,False,Ambient,,2025-01-06 11:46:00,2025-01-06 11:32:00,2025-01-06 11:53:00,2025-01-06 14:38:00,NORMAL,2.27,PENDING
ORD00654,CUST00292,LOC0025,Office Complex,Office-025,13.060626,80.283527,Normal-Item-41,Normal,2.08,8.13,False,Ambient,,2025-01-06 09:03:00,2025-01-06 08:38:00,2025-01-06 09:17:00,2025-01-06 10:26:00,NORMAL,2.02,PENDING
ORD00655,CUST00155,LOC0001,Office Complex,Office-001,13.059877,80.264365,Normal-Item-39,Normal,4.22,8.98,True,Ambient,,2025-01-06 10:31:00,2025-01-06 10:18:00,2025-01-06 10:43:00,2025-01-06 12:46:00,NORMAL,6.42,PENDING
ORD00656,CUST00489,LOC0003,Office Complex,Office-003,13.066899,80.290795,Normal-Item-5,Normal,2.4,8.31,False,Ambient,,2025-01-06 08:30:00,2025-01-06 08:07:00,2025-01-06 08:49:00,2025-01-06 12:16:00,LOW,6.0,PENDING
ORD00657,CUST00239,LOC0022,Office Complex,Office-022,13.022029,80.266805,Normal-Item-12,Normal,4.99,3.75,False,Ambient,,2025-01-06 10:42:00,2025-01-06 10:17:00,2025-01-06 10:53:00,2025-01-06 12:38:00,NORMAL,4.32,PENDING
ORD00658,CUST00094,LOC0010,Gated Apartment,Apt-010,13.030161,80.233814,Normal-Item-33,Normal,3.26,10.45,False,Ambient,,2025-01-06 08:37:00,2025-01-06 08:30:00,2025-01-06 08:55:00,2025-01-06 12:35:00,NORMAL,5.01,PENDING
ORD00659,CUST00480,LOC0027,Gated Apartment,Apt-027,13.032159,80.275344,Frozen-Item-32,Frozen,4.05,9.39,False,Frozen,,2025-01-06 10:18:00,2025-01-06 09:51:00,2025-01-06 10:32:00,2025-01-06 13:37:00,NORMAL,5.87,PENDING
ORD00660,CUST00357,LOC0022,Office Complex,Office-022,13.021053,80.267883,Chemical-Item-11,Chemical,1.39,2.34,False,Ambient,,2025-01-06 09:44:00,2025-01-06 09:37:00,2025-01-06 09:52:00,2025-01-06 12:33:00,HIGH,5.75,PENDING
ORD00661,CUST00150,LOC0038,Office Complex,Office-038,13.032561,80.286451,Fragile-Item-34,Fragile,1.48,16.32,True,Ambient,,2025-01-06 11:22:00,2025-01-06 11:05:00,2025-01-06 11:29:00,2025-01-06 14:04:00,LOW,5.2,PENDING
ORD00662,CUST00191,LOC0022,Office Complex,Office-022,13.021893,80.266817,Normal-Item-48,Normal,1.94,11.42,False,Ambient,,2025-01-06 10:49:00,2025-01-06 10:25:00,2025-01-06 11:02:00,2025-01-06 12:08:00,HIGH,4.64,PENDING
ORD00663,CUST00010,LOC0005,Gated Apartment,Apt-005,12.997509,80.302793,Normal-Item-36,Normal,4.89,4.36,False,Ambient,,2025-01-06 09:32:00,2025-01-06 09:05:00,2025-01-06 09:45:00,2025-01-06 10:49:00,NORMAL,2.37,PENDING
ORD00664,CUST00381,LOC0022,Office Complex,Office-022,13.021717,80.267772,Frozen-Item-45,Frozen,2.61,11.91,False,Frozen,,2025-01-06 10:23:00,2025-01-06 10:11:00,2025-01-06 10:42:00,2025-01-06 12:57:00,NORMAL,4.3,PENDING
ORD00665,CUST00318,LOC0007,Office Complex,Office-007,13.057882,80.259206,Fragile-Item-43,Fragile,0.79,7.41,True,Ambient,,2025-01-06 13:21:00,2025-01-06 11:32:00,2025-01-06 13:27:00,2025-01-06 16:48:00,NORMAL,4.84,PENDING
ORD00666,CUST00412,LOC0026,Office Complex,Office-026,13.006952,80.275589,Fragile-Item-44,Fragile,1.15,15.85,True,Ambient,,2025-01-06 08:24:00,2025-01-06 08:20:00,2025-01-06 08:29:00,2025-01-06 09:53:00,NORMAL,6.2,PENDING
ORD00667,CUST00131,LOC0037,Office Complex,Office-037,13.001804,80.249041,Hot Food-Item-15,Hot Food,2.07,3.22,False,Hot,,2025-01-06 10:54:00,2025-01-06 08:32:00,2025-01-06 11:07:00,2025-01-06 13:02:00,HIGH,4.44,PENDING
ORD00668,CUST00020,LOC0020,Office Complex,Office-020,13.04652,80.230963,Hot Food-Item-14,Hot Food,1.39,9.0,False,Hot,,2025-01-06 10:57:00,2025-01-06 08:58:00,2025-01-06 11:06:00,2025-01-06 13:47:00,LOW,4.69,PENDING
ORD00669,CUST00182,LOC0018,Gated Apartment,Apt-018,12.995616,80.276478,Normal-Item-31,Normal,4.62,3.15,False,Ambient,,2025-01-06 11:59:00,2025-01-06 10:06:00,2025-01-06 12:06:00,2025-01-06 13:12:00,URGENT,4.88,PENDING
ORD00670,CUST00199,LOC0028,Gated Apartment,Apt-028,12.993194,80.250627,Normal-Item-21,Normal,0.57,8.25,False,Ambient,,2025-01-06 12:15:00,2025-01-06 11:58:00,2025-01-06 12:20:00,2025-01-06 13:38:00,HIGH,4.95,PENDING
ORD00671,CUST00427,LOC0004,Gated Apartment,Apt-004,13.052649,80.25108,Normal-Item-49,Normal,3.51,3.2,False,Ambient,,2025-01-06 10:21:00,2025-01-06 10:13:00,2025-01-06 10:26:00,2025-01-06 12:53:00,LOW,3.47,PENDING
ORD00672,CUST00116,LOC0006,Gated Apartment,Apt-006,13.077964,80.30006,Frozen-Item-34,Frozen,1.49,14.05,False,Frozen,,2025-01-06 12:01:00,2025-01-06 11:46:00,2025-01-06 12:16:00,2025-01-06 15:37:00,NORMAL,4.38,PENDING
ORD00673,CUST00026,LOC0023,Gated Apartment,Apt-023,13.077352,80.276015,Fragile-Item-46,Fragile,2.35,19.72,True,Ambient,,2025-01-06 12:06:00,2025-01-06 11:46:00,2025-01-06 12:25:00,2025-01-06 14:45:00,NORMAL,3.97,PENDING
ORD00674,CUST00374,LOC0029,Gated Apartment,Apt-029,13.00511,80.222481,Normal-Item-48,Normal,3.74,11.5,False,Ambient,,2025-01-06 11:22:00,2025-01-06 10:59:00,2025-01-06 11:31:00,2025-01-06 15:23:00,NORMAL,5.55,PENDING
ORD00675,CUST00431,LOC0014,Gated Apartment,Apt-014,13.063593,80.28648,Normal-Item-12,Normal,2.98,10.09,False,Ambient,,2025-01-06 10:59:00,2025-01-06 10:34:00,2025-01-06 11:14:00,2025-01-06 12:40:00,LOW,4.24,PENDING
ORD00676,CUST00270,LOC0009,Gated Apartment,Apt-009,13.002126,80.288378,Fragile-Item-20,Fragile,3.47,17.01,True,Ambient,,2025-01-06 09:18:00,2025-01-06 09:12:00,2025-01-06 09:24:00,2025-01-06 10:36:00,LOW,6.19,PENDING
ORD00677,CUST00464,LOC0024,Office Complex,Office-024,13.070208,80.297749,Hot Food-Item-8,Hot Food,0.69,8.18,False,Hot,,2025-01-06 09:15:00,2025-01-06 09:03:00,2025-01-06 09:33:00,2025-01-06 12:23:00,NORMAL,4.4,PENDING
ORD00678,CUST00076,LOC0024,Office Complex,Office-024,13.069537,80.296049,Frozen-Item-21,Frozen,3.02,8.47,False,Frozen,FRO-G1,2025-01-06 09:06:00,2025-01-06 09:04:00,2025-01-06 09:24:00,2025-01-06 11:04:00,HIGH,5.88,PENDING
ORD00679,CUST00250,LOC0030,Office Complex,Office-030,13.051449,80.26375,Normal-Item-16,Normal,2.88,5.83,False,Ambient,,2025-01-06 09:11:00,2025-01-06 08:58:00,2025-01-06 09:25:00,2025-01-06 11:21:00,HIGH,3.26,PENDING
ORD00680,CUST00303,LOC0024,Office Complex,Office-024,13.070232,80.297611,Frozen-Item-42,Frozen,4.06,12.95,False,Frozen,FRO-G2,2025-01-06 11:55:00,2025-01-06 11:41:00,2025-01-06 12:11:00,2025-01-06 13:15:00,URGENT,3.19,PENDING
ORD00681,CUST00149,LOC0034,Gated Apartment,Apt-034,13.024005,80.243581,Fragile-Item-1,Fragile,1.8,14.09,True,Ambient,,2025-01-06 12:00:00,2025-01-06 11:57:00,2025-01-06 12:08:00,2025-01-06 15:26:00,NORMAL,3.7,PENDING
ORD00682,CUST00020,LOC0004,Gated Apartment,Apt-004,13.053147,80.251098,Fragile-Item-39,Fragile,0.58,7.71,True,Ambient,,2025-01-06 09:39:00,2025-01-06 09:20:00,2025-01-06 09:45:00,2025-01-06 12:45:00,NORMAL,5.62,PENDING
ORD00683,CUST00039,LOC0017,Gated Apartment,Apt-017,13.039842,80.266278,Normal-Item-2,Normal,4.8,10.92,False,Ambient,,2025-01-06 13:40:00,2025-01-06 11:21:00,2025-01-06 13:54:00,2025-01-06 17:34:00,NORMAL,3.1,PENDING
ORD00684,CUST00042,LOC0030,Office Complex,Office-030,13.051196,80.264031,Normal-Item-36,Normal,2.43,7.31,False,Ambient,,2025-01-06 12:10:00,2025-01-06 11:50:00,2025-01-06 12:28:00,2025-01-06 13:24:00,URGENT,5.35,PENDING
ORD00685,CUST00319,LOC0008,Gated Apartment,Apt-008,13.060749,80.24808,Normal-Item-34,Normal,3.39,8.93,False,Ambient,,2025-01-06 08:48:00,2025-01-06 08:25:00,2025-01-06 09:00:00,2025-01-06 10:47:00,NORMAL,2.97,PENDING
ORD00686,CUST00090,LOC0037,Office Complex,Office-037,13.002078,80.250284,Normal-Item-20,Normal,0.87,2.35,True,Ambient,,2025-01-06 10:18:00,2025-01-06 10:11:00,2025-01-06 10:25:00,2025-01-06 11:18:00,URGENT,2.26,PENDING
ORD00687,CUST00315,LOC0008,Gated Apartment,Apt-008,13.060322,80.249117,Frozen-Item-39,Frozen,2.12,13.55,False,Frozen,,2025-01-06 11:34:00,2025-01-06 10:45:00,2025-01-06 11:45:00,2025-01-06 14:59:00,NORMAL,2.25,PENDING
ORD00688,CUST00344,LOC0001,Office Complex,Office-001,13.06023,80.264154,Normal-Item-26,Normal,4.46,10.2,False,Ambient,,2025-01-06 11:04:00,2025-01-06 10:48:00,2025-01-06 11:21:00,2025-01-06 15:08:00,HIGH,4.05,PENDING
ORD00689,CUST00093,LOC0028,Gated Apartment,Apt-028,12.994127,80.250064,Frozen-Item-24,Frozen,5.25,4.1,False,Frozen,,2025-01-06 10:54:00,2025-01-06 10:50:00,2025-01-06 11:11:00,2025-01-06 14:58:00,NORMAL,4.88,PENDING
ORD00690,CUST00123,LOC0016,Gated Apartment,Apt-016,13.010553,80.298075,Normal-Item-31,Normal,0.47,4.54,False,Ambient,,2025-01-06 10:37:00,2025-01-06 10:25:00,2025-01-06 10:49:00,2025-01-06 11:36:00,URGENT,4.97,PENDING
ORD00691,CUST00393,LOC0005,Gated Apartment,Apt-005,12.99814,80.302886,Fragile-Item-46,Fragile,0.71,18.89,True,Ambient,,2025-01-06 10:59:00,2025-01-06 08:36:00,2025-01-06 11:10:00,2025-01-06 12:04:00,URGENT,2.75,PENDING
ORD00692,CUST00215,LOC0033,Gated Apartment,Apt-033,13.01975,80.306691,Heavy-Item-17,Heavy,8.25,19.05,False,Ambient,,2025-01-06 09:01:00,2025-01-06 08:36:00,2025-01-06 09:20:00,2025-01-06 10:27:00,NORMAL,4.91,PENDING
ORD00693,CUST00328,LOC0010,Gated Apartment,Apt-010,13.030927,80.234635,Frozen-Item-17,Frozen,1.2,14.07,False,Frozen,,2025-01-06 11:01:00,2025-01-06 10:59:00,2025-01-06 11:06:00,2025-01-06 14:01:00,NORMAL,5.59,PENDING
ORD00694,CUST00498,LOC0009,Gated Apartment,Apt-009,13.001077,80.287225,Frozen-Item-17,Frozen,3.51,10.59,False,Frozen,,2025-01-06 08:22:00,2025-01-06 08:05:00,2025-01-06 08:32:00,2025-01-06 10:27:00,LOW,6.01,PENDING
ORD00695,CUST00485,LOC0012,Office Complex,Office-012,13.073146,80.22131,Normal-Item-23,Normal,4.49,4.05,False,Ambient,,2025-01-06 10:01:00,2025-01-06 09:39:00,2025-01-06 10:06:00,2025-01-06 10:55:00,URGENT,4.99,PENDING
ORD00696,CUST00402,LOC0021,Office Complex,Office-021,13.058733,80.286099,Normal-Item-12,Normal,3.5,6.99,False,Ambient,,2025-01-06 09:25:00,2025-01-06 08:59:00,2025-01-06 09:40:00,2025-01-06 13:07:00,NORMAL,6.06,PENDING
ORD00697,CUST00340,LOC0017,Gated Apartment,Apt-017,13.038858,80.265796,Normal-Item-4,Normal,4.15,4.41,False,Ambient,,2025-01-06 09:43:00,2025-01-06 09:14:00,2025-01-06 09:48:00,2025-01-06 12:10:00,LOW,4.14,PENDING
ORD00698,CUST00395,LOC0018,Gated Apartment,Apt-018,12.995447,80.277456,Normal-Item-9,Normal,2.46,6.5,False,Ambient,,2025-01-06 10:54:00,2025-01-06 08:27:00,2025-01-06 11:00:00,2025-01-06 11:56:00,URGENT,4.79,PENDING
ORD00699,CUST00179,LOC0027,Gated Apartment,Apt-027,13.032439,80.276308,Chemical-Item-49,Chemical,3.36,8.42,False,Ambient,CHE-G1,2025-01-06 08:33:00,2025-01-06 08:22:00,2025-01-06 08:50:00,2025-01-06 09:58:00,URGENT,3.26,PENDING
ORD00700,CUST00223,LOC0031,Gated Apartment,Apt-031,13.056852,80.239937,Hot Food-Item-18,Hot Food,2.54,5.38,False,Hot,,2025-01-06 12:05:00,2025-01-06 11:50:00,2025-01-06 12:15:00,2025-01-06 16:09:00,HIGH,3.39,PENDING
ORD00701,CUST00011,LOC0020,Office Complex,Office-020,13.047013,80.231063,Frozen-Item-3,Frozen,4.56,6.23,True,Frozen,,2025-01-06 10:58:00,2025-01-06 10:48:00,2025-01-06 11:07:00,2025-01-06 13:12:00,LOW,5.26,PENDING
ORD00702,CUST00065,LOC0037,Office Complex,Office-037,13.002041,80.249371,Heavy-Item-11,Heavy,13.13,20.31,False,Ambient,,2025-01-06 08:52:00,2025-01-06 08:24:00,2025-01-06 09:01:00,2025-01-06 10:41:00,LOW,6.17,PENDING
ORD00703,CUST00481,LOC0027,Gated Apartment,Apt-027,13.031017,80.275517,Fragile-Item-1,Fragile,3.13,15.89,True,Ambient,,2025-01-06 11:41:00,2025-01-06 11:36:00,2025-01-06 12:00:00,2025-01-06 15:07:00,LOW,4.41,PENDING
ORD00704,CUST00012,LOC0005,Gated Apartment,Apt-005,12.998212,80.302433,Fragile-Item-22,Fragile,2.73,11.42,True,Ambient,,2025-01-06 09:21:00,2025-01-06 09:19:00,2025-01-06 09:36:00,2025-01-06 10:40:00,URGENT,5.11,PENDING
ORD00705,CUST00136,LOC0007,Office Complex,Office-007,13.057662,80.258357,Normal-Item-48,Normal,2.12,9.36,False,Ambient,,2025-01-06 11:37:00,2025-01-06 11:11:00,2025-01-06 11:46:00,2025-01-06 14:46:00,HIGH,3.78,PENDING
ORD00706,CUST00258,LOC0026,Office Complex,Office-026,13.007507,80.275567,Hot Food-Item-7,Hot Food,1.28,8.6,False,Hot,,2025-01-06 10:13:00,2025-01-06 10:05:00,2025-01-06 10:26:00,2025-01-06 12:58:00,NORMAL,3.01,PENDING
ORD00707,CUST00058,LOC0027,Gated Apartment,Apt-027,13.032054,80.276229,Hot Food-Item-43,Hot Food,2.24,8.81,False,Hot,,2025-01-06 08:55:00,2025-01-06 08:40:00,2025-01-06 09:02:00,2025-01-06 09:51:00,URGENT,4.85,PENDING
ORD00708,CUST00473,LOC0035,Gated Apartment,Apt-035,13.031635,80.224592,Normal-Item-22,Normal,1.39,11.75,False,Ambient,,2025-01-06 12:19:00,2025-01-06 11:52:00,2025-01-06 12:36:00,2025-01-06 14:40:00,NORMAL,5.87,PENDING
ORD00709,CUST00025,LOC0012,Office Complex,Office-012,13.073579,80.220361,Normal-Item-7,Normal,4.35,2.11,False,Ambient,,2025-01-06 11:03:00,2025-01-06 10:35:00,2025-01-06 11:08:00,2025-01-06 12:58:00,NORMAL,2.41,PENDING
ORD00710,CUST00368,LOC0012,Office Complex,Office-012,13.07254,80.220701,Chemical-Item-19,Chemical,1.87,5.83,False,Ambient,,2025-01-06 09:38:00,2025-01-06 08:02:00,2025-01-06 09:50:00,2025-01-06 12:13:00,NORMAL,5.07,PENDING
ORD00711,CUST00077,LOC0034,Gated Apartment,Apt-034,13.024472,80.244588,Normal-Item-17,Normal,0.95,7.19,False,Ambient,,2025-01-06 11:48:00,2025-01-06 11:03:00,2025-01-06 11:53:00,2025-01-06 14:39:00,NORMAL,2.2,PENDING
ORD00712,CUST00453,LOC0012,Office Complex,Office-012,13.073517,80.220709,Frozen-Item-47,Frozen,2.59,12.19,False,Frozen,,2025-01-06 10:08:00,2025-01-06 09:57:00,2025-01-06 10:18:00,2025-01-06 13:55:00,HIGH,5.72,PENDING
ORD00713,CUST00141,LOC0013,Gated Apartment,Apt-013,13.047849,80.299318,Hot Food-Item-3,Hot Food,0.97,4.54,False,Hot,,2025-01-06 09:41:00,2025-01-06 09:37:00,2025-01-06 09:54:00,2025-01-06 13:36:00,NORMAL,2.96,PENDING
ORD00714,CUST00050,LOC0028,Gated Apartment,Apt-028,12.99389,80.250251,Normal-Item-39,Normal,1.44,4.19,False,Ambient,,2025-01-06 12:08:00,2025-01-06 10:19:00,2025-01-06 12:17:00,2025-01-06 14:52:00,HIGH,5.07,PENDING
ORD00715,CUST00282,LOC0027,Gated Apartment,Apt-027,13.031236,80.276654,Frozen-Item-2,Frozen,3.11,9.38,False,Frozen,FRO-G1,2025-01-06 08:41:00,2025-01-06 08:24:00,2025-01-06 08:46:00,2025-01-06 09:56:00,NORMAL,3.88,PENDING
ORD00716,CUST00218,LOC0028,Gated Apartment,Apt-028,12.994914,80.250357,Normal-Item-4,Normal,0.58,8.98,False,Ambient,,2025-01-06 09:23:00,2025-01-06 09:01:00,2025-01-06 09:34:00,2025-01-06 12:55:00,NORMAL,2.33,PENDING
ORD00717,CUST00002,LOC0037,Office Complex,Office-037,13.000747,80.248345,Normal-Item-28,Normal,1.59,9.81,False,Ambient,,2025-01-06 11:07:00,2025-01-06 11:03:00,2025-01-06 11:14:00,2025-01-06 13:44:00,NORMAL,3.06,PENDING
ORD00718,CUST00124,LOC0032,Gated Apartment,Apt-032,13.077071,80.260525,Normal-Item-21,Normal,2.13,2.38,False,Ambient,,2025-01-06 08:33:00,2025-01-06 08:09:00,2025-01-06 08:44:00,2025-01-06 12:00:00,NORMAL,6.0,PENDING
ORD00719,CUST00348,LOC0023,Gated Apartment,Apt-023,13.076941,80.275939,Chemical-Item-15,Chemical,1.47,4.43,False,Ambient,,2025-01-06 11:24:00,2025-01-06 11:20:00,2025-01-06 11:36:00,2025-01-06 14:56:00,NORMAL,5.83,PENDING
ORD00720,CUST00143,LOC0006,Gated Apartment,Apt-006,13.0778,80.301079,Frozen-Item-25,Frozen,3.35,4.51,False,Frozen,,2025-01-06 10:53:00,2025-01-06 10:33:00,2025-01-06 11:07:00,2025-01-06 12:12:00,LOW,6.01,PENDING
ORD00721,CUST00286,LOC0003,Office Complex,Office-003,13.067687,80.289573,Hot Food-Item-22,Hot Food,1.37,3.43,False,Hot,,2025-01-06 11:26:00,2025-01-06 11:00:00,2025-01-06 11:37:00,2025-01-06 13:45:00,LOW,4.75,PENDING
ORD00722,CUST00181,LOC0025,Office Complex,Office-025,13.060136,80.282541,Fragile-Item-17,Fragile,0.93,15.55,True,Ambient,,2025-01-06 09:41:00,2025-01-06 08:43:00,2025-01-06 09:54:00,2025-01-06 13:53:00,NORMAL,5.82,PENDING
ORD00723,CUST00444,LOC0008,Gated Apartment,Apt-008,13.060444,80.249299,Hot Food-Item-30,Hot Food,1.81,4.57,False,Hot,,2025-01-06 09:56:00,2025-01-06 09:40:00,2025-01-06 10:01:00,2025-01-06 12:07:00,NORMAL,3.75,PENDING
ORD00724,CUST00485,LOC0001,Office Complex,Office-001,13.059427,80.264078,Normal-Item-42,Normal,4.68,8.04,False,Ambient,,2025-01-06 08:19:00,2025-01-06 08:09:00,2025-01-06 08:35:00,2025-01-06 10:17:00,LOW,3.76,PENDING
ORD00725,CUST00337,LOC0027,Gated Apartment,Apt-027,13.032622,80.275701,Hot Food-Item-42,Hot Food,1.16,6.45,False,Hot,,2025-01-06 09:34:00,2025-01-06 09:26:00,2025-01-06 09:46:00,2025-01-06 11:43:00,NORMAL,5.19,PENDING
ORD00726,CUST00147,LOC0008,Gated Apartment,Apt-008,13.061008,80.248229,Heavy-Item-36,Heavy,6.69,19.38,False,Ambient,,2025-01-06 09:41:00,2025-01-06 09:27:00,2025-01-06 09:58:00,2025-01-06 10:58:00,NORMAL,3.1,PENDING
ORD00727,CUST00318,LOC0015,Gated Apartment,Apt-015,13.030017,80.290787,Fragile-Item-26,Fragile,0.55,15.23,True,Ambient,,2025-01-06 09:25:00,2025-01-06 09:01:00,2025-01-06 09:30:00,2025-01-06 11:25:00,NORMAL,4.71,PENDING
ORD00728,CUST00486,LOC0028,Gated Apartment,Apt-028,12.994439,80.249817,Chemical-Item-29,Chemical,5.03,7.68,False,Ambient,,2025-01-06 11:53:00,2025-01-06 10:22:00,2025-01-06 12:08:00,2025-01-06 15:40:00,LOW,2.69,PENDING
ORD00729,CUST00009,LOC0040,Gated Apartment,Apt-040,13.050535,80.297517,Normal-Item-3,Normal,2.68,2.23,False,Ambient,,2025-01-06 10:45:00,2025-01-06 10:35:00,2025-01-06 10:54:00,2025-01-06 12:22:00,NORMAL,5.26,PENDING
ORD00730,CUST00379,LOC0017,Gated Apartment,Apt-017,13.040182,80.265432,Normal-Item-15,Normal,3.2,6.86,False,Ambient,,2025-01-06 10:48:00,2025-01-06 10:25:00,2025-01-06 11:05:00,2025-01-06 14:12:00,HIGH,4.22,PENDING
ORD00731,CUST00424,LOC0022,Office Complex,Office-022,13.021426,80.266962,Normal-Item-27,Normal,1.73,5.81,False,Ambient,,2025-01-06 12:08:00,2025-01-06 11:40:00,2025-01-06 12:21:00,2025-01-06 13:26:00,URGENT,2.38,PENDING
ORD00732,CUST00069,LOC0020,Office Complex,Office-020,13.048034,80.231457,Hot Food-Item-1,Hot Food,2.48,4.38,False,Hot,,2025-01-06 10:37:00,2025-01-06 10:14:00,2025-01-06 10:53:00,2025-01-06 14:00:00,NORMAL,4.98,PENDING
ORD00733,CUST00034,LOC0021,Office Complex,Office-021,13.058388,80.286352,Normal-Item-44,Normal,1.24,6.68,False,Ambient,,2025-01-06 11:38:00,2025-01-06 11:26:00,2025-01-06 11:51:00,2025-01-06 15:36:00,LOW,4.18,PENDING
ORD00734,CUST00143,LOC0036,Office Complex,Office-036,13.006618,80.247924,Chemical-Item-47,Chemical,1.36,9.96,False,Ambient,,2025-01-06 11:23:00,2025-01-06 11:14:00,2025-01-06 11:32:00,2025-01-06 15:31:00,HIGH,3.14,PENDING
ORD00735,CUST00378,LOC0032,Gated Apartment,Apt-032,13.077333,80.260691,Normal-Item-27,Normal,3.57,8.6,False,Ambient,,2025-01-06 11:49:00,2025-01-06 11:28:00,2025-01-06 11:54:00,2025-01-06 14:46:00,NORMAL,4.63,PENDING
ORD00736,CUST00144,LOC0032,Gated Apartment,Apt-032,13.075323,80.26148,Fragile-Item-45,Fragile,3.24,7.44,True,Ambient,,2025-01-06 08:35:00,2025-01-06 08:22:00,2025-01-06 08:45:00,2025-01-06 11:56:00,HIGH,6.28,PENDING
ORD00737,CUST00172,LOC0013,Gated Apartment,Apt-013,13.048285,80.299185,Normal-Item-9,Normal,4.82,8.52,False,Ambient,,2025-01-06 11:40:00,2025-01-06 11:35:00,2025-01-06 11:55:00,2025-01-06 13:04:00,URGENT,5.23,PENDING
ORD00738,CUST00274,LOC0028,Gated Apartment,Apt-028,12.993625,80.250137,Frozen-Item-27,Frozen,3.59,14.53,False,Frozen,,2025-01-06 09:14:00,2025-01-06 08:59:00,2025-01-06 09:31:00,2025-01-06 13:08:00,NORMAL,3.77,PENDING
ORD00739,CUST00404,LOC0009,Gated Apartment,Apt-009,13.001509,80.288041,Normal-Item-42,Normal,3.92,11.2,False,Ambient,,2025-01-06 14:03:00,2025-01-06 11:42:00,2025-01-06 14:20:00,2025-01-06 16:31:00,NORMAL,2.86,PENDING
ORD00740,CUST00028,LOC0007,Office Complex,Office-007,13.058159,80.258323,Hot Food-Item-13,Hot Food,1.31,9.54,False,Hot,,2025-01-06 10:19:00,2025-01-06 10:03:00,2025-01-06 10:32:00,2025-01-06 13:46:00,LOW,3.89,PENDING
ORD00741,CUST00032,LOC0035,Gated Apartment,Apt-035,13.033322,80.225916,Fragile-Item-19,Fragile,2.14,11.47,True,Ambient,,2025-01-06 09:44:00,2025-01-06 09:39:00,2025-01-06 09:58:00,2025-01-06 13:02:00,HIGH,5.64,PENDING
ORD00742,CUST00333,LOC0033,Gated Apartment,Apt-033,13.018188,80.304859,Fragile-Item-6,Fragile,1.3,12.09,True,Ambient,,2025-01-06 08:20:00,2025-01-06 08:17:00,2025-01-06 08:29:00,2025-01-06 12:11:00,NORMAL,3.94,PENDING
ORD00743,CUST00479,LOC0032,Gated Apartment,Apt-032,13.077456,80.261018,Frozen-Item-26,Frozen,2.02,6.14,False,Frozen,,2025-01-06 13:25:00,2025-01-06 11:47:00,2025-01-06 13:38:00,2025-01-06 16:24:00,NORMAL,5.5,PENDING
ORD00744,CUST00022,LOC0024,Office Complex,Office-024,13.070855,80.297046,Fragile-Item-32,Fragile,2.89,8.56,True,Ambient,,2025-01-06 10:57:00,2025-01-06 10:54:00,2025-01-06 11:16:00,2025-01-06 13:37:00,NORMAL,4.85,PENDING
ORD00745,CUST00249,LOC0004,Gated Apartment,Apt-004,13.052601,80.250371,Fragile-Item-26,Fragile,1.58,15.47,True,Ambient,,2025-01-06 12:00:00,2025-01-06 11:34:00,2025-01-06 12:16:00,2025-01-06 16:02:00,NORMAL,5.67,PENDING
ORD00746,CUST00276,LOC0029,Gated Apartment,Apt-029,13.00369,80.221679,Normal-Item-49,Normal,4.14,3.44,False,Ambient,,2025-01-06 11:36:00,2025-01-06 11:27:00,2025-01-06 11:43:00,2025-01-06 12:57:00,NORMAL,5.16,PENDING
ORD00747,CUST00287,LOC0039,Gated Apartment,Apt-039,13.010422,80.276316,Normal-Item-25,Normal,0.44,3.8,False,Ambient,,2025-01-06 10:49:00,2025-01-06 10:29:00,2025-01-06 11:05:00,2025-01-06 13:11:00,NORMAL,4.18,PENDING
ORD00748,CUST00367,LOC0018,Gated Apartment,Apt-018,12.995865,80.276399,Fragile-Item-43,Fragile,3.41,17.21,True,Ambient,,2025-01-06 11:57:00,2025-01-06 11:32:00,2025-01-06 12:12:00,2025-01-06 15:54:00,LOW,6.44,PENDING
ORD00749,CUST00335,LOC0029,Gated Apartment,Apt-029,13.004507,80.223884,Frozen-Item-29,Frozen,1.56,9.17,False,Frozen,,2025-01-06 08:58:00,2025-01-06 08:53:00,2025-01-06 09:15:00,2025-01-06 10:25:00,NORMAL,2.82,PENDING
ORD00750,CUST00002,LOC0026,Office Complex,Office-026,13.007703,80.27508,Heavy-Item-9,Heavy,13.47,23.7,False,Ambient,,2025-01-06 11:22:00,2025-01-06 11:16:00,2025-01-06 11:36:00,2025-01-06 12:58:00,NORMAL,4.54,PENDING
ORD00751,CUST00492,LOC0036,Office Complex,Office-036,13.007883,80.247892,Chemical-Item-2,Chemical,7.99,9.2,False,Ambient,,2025-01-06 08:45:00,2025-01-06 08:40:00,2025-01-06 09:03:00,2025-01-06 12:57:00,HIGH,3.16,PENDING
ORD00752,CUST00022,LOC0029,Gated Apartment,Apt-029,13.003719,80.223482,Normal-Item-16,Normal,4.72,9.9,True,Ambient,,2025-01-06 10:26:00,2025-01-06 10:02:00,2025-01-06 10:35:00,2025-01-06 14:11:00,NORMAL,2.72,PENDING
ORD00753,CUST00411,LOC0023,Gated Apartment,Apt-023,13.077542,80.275815,Heavy-Item-26,Heavy,10.19,31.79,False,Ambient,,2025-01-06 08:53:00,2025-01-06 08:42:00,2025-01-06 09:11:00,2025-01-06 12:59:00,NORMAL,4.86,PENDING
ORD00754,CUST00103,LOC0018,Gated Apartment,Apt-018,12.996778,80.2756,Hot Food-Item-24,Hot Food,2.49,3.23,False,Hot,,2025-01-06 08:57:00,2025-01-06 08:44:00,2025-01-06 09:13:00,2025-01-06 12:56:00,NORMAL,5.35,PENDING
ORD00755,CUST00262,LOC0024,Office Complex,Office-024,13.070252,80.2959,Normal-Item-39,Normal,4.95,10.69,False,Ambient,,2025-01-06 09:54:00,2025-01-06 09:02:00,2025-01-06 09:59:00,2025-01-06 13:53:00,LOW,6.36,PENDING
ORD00756,CUST00012,LOC0008,Gated Apartment,Apt-008,13.060191,80.249384,Normal-Item-15,Normal,4.72,10.68,False,Ambient,,2025-01-06 11:20:00,2025-01-06 11:12:00,2025-01-06 11:31:00,2025-01-06 12:32:00,URGENT,4.63,PENDING
ORD00757,CUST00178,LOC0026,Office Complex,Office-026,13.00792,80.275992,Normal-Item-29,Normal,3.05,5.02,False,Ambient,,2025-01-06 13:34:00,2025-01-06 11:44:00,2025-01-06 13:40:00,2025-01-06 16:58:00,NORMAL,6.31,PENDING
ORD00758,CUST00043,LOC0018,Gated Apartment,Apt-018,12.996533,80.27728,Normal-Item-4,Normal,3.35,8.91,False,Ambient,,2025-01-06 12:01:00,2025-01-06 11:42:00,2025-01-06 12:08:00,2025-01-06 14:31:00,HIGH,3.48,PENDING
ORD00759,CUST00399,LOC0035,Gated Apartment,Apt-035,13.032621,80.226485,Frozen-Item-13,Frozen,4.88,10.99,False,Frozen,,2025-01-06 08:31:00,2025-01-06 08:29:00,2025-01-06 08:39:00,2025-01-06 10:01:00,NORMAL,4.28,PENDING
ORD00760,CUST00357,LOC0029,Gated Apartment,Apt-029,13.00419,80.223489,Hot Food-Item-14,Hot Food,1.18,7.42,False,Hot,,2025-01-06 11:36:00,2025-01-06 11:16:00,2025-01-06 11:53:00,2025-01-06 14:15:00,NORMAL,4.46,PENDING
ORD00761,CUST00168,LOC0009,Gated Apartment,Apt-009,13.002163,80.288535,Chemical-Item-44,Chemical,4.18,3.47,False,Ambient,,2025-01-06 11:05:00,2025-01-06 10:46:00,2025-01-06 11:24:00,2025-01-06 13:31:00,NORMAL,5.51,PENDING
ORD00762,CUST00178,LOC0010,Gated Apartment,Apt-010,13.030632,80.234147,Fragile-Item-15,Fragile,3.47,10.66,True,Ambient,,2025-01-06 11:07:00,2025-01-06 11:04:00,2025-01-06 11:13:00,2025-01-06 13:57:00,LOW,6.33,PENDING
ORD00763,CUST00464,LOC0038,Office Complex,Office-038,13.03397,80.286493,Normal-Item-47,Normal,1.77,6.03,False,Ambient,,2025-01-06 08:32:00,2025-01-06 08:24:00,2025-01-06 08:37:00,2025-01-06 12:29:00,HIGH,5.2,PENDING
ORD00764,CUST00191,LOC0027,Gated Apartment,Apt-027,13.032428,80.275771,Chemical-Item-28,Chemical,7.75,6.27,False,Ambient,,2025-01-06 13:17:00,2025-01-06 11:08:00,2025-01-06 13:24:00,2025-01-06 16:44:00,NORMAL,3.33,PENDING
ORD00765,CUST00459,LOC0033,Gated Apartment,Apt-033,13.019738,80.304467,Normal-Item-27,Normal,4.01,9.25,False,Ambient,,2025-01-06 09:53:00,2025-01-06 09:26:00,2025-01-06 09:59:00,2025-01-06 12:02:00,NORMAL,4.97,PENDING
ORD00766,CUST00048,LOC0019,Gated Apartment,Apt-019,13.063911,80.233369,Chemical-Item-47,Chemical,7.72,11.61,False,Ambient,,2025-01-06 10:11:00,2025-01-06 09:57:00,2025-01-06 10:26:00,2025-01-06 12:56:00,LOW,6.15,PENDING
ORD00767,CUST00202,LOC0015,Gated Apartment,Apt-015,13.030003,80.290831,Normal-Item-49,Normal,1.18,11.63,False,Ambient,,2025-01-06 12:18:00,2025-01-06 11:57:00,2025-01-06 12:24:00,2025-01-06 15:00:00,LOW,4.48,PENDING
ORD00768,CUST00447,LOC0017,Gated Apartment,Apt-017,13.038654,80.26402,Heavy-Item-11,Heavy,8.51,24.02,False,Ambient,,2025-01-06 10:02:00,2025-01-06 09:46:00,2025-01-06 10:12:00,2025-01-06 11:16:00,NORMAL,5.2,PENDING
ORD00769,CUST00454,LOC0016,Gated Apartment,Apt-016,13.010249,80.298095,Heavy-Item-11,Heavy,12.44,26.22,False,Ambient,,2025-01-06 11:38:00,2025-01-06 11:35:00,2025-01-06 11:55:00,2025-01-06 13:57:00,NORMAL,5.61,PENDING
ORD00770,CUST00340,LOC0039,Gated Apartment,Apt-039,13.010754,80.275773,Frozen-Item-26,Frozen,1.6,12.88,False,Frozen,,2025-01-06 11:18:00,2025-01-06 11:07:00,2025-01-06 11:34:00,2025-01-06 14:47:00,LOW,6.39,PENDING
ORD00771,CUST00413,LOC0034,Gated Apartment,Apt-034,13.024239,80.243374,Normal-Item-21,Normal,4.69,11.65,False,Ambient,,2025-01-06 11:04:00,2025-01-06 10:44:00,2025-01-06 11:19:00,2025-01-06 12:32:00,URGENT,4.22,PENDING
ORD00772,CUST00455,LOC0011,Gated Apartment,Apt-011,13.023175,80.240045,Chemical-Item-30,Chemical,4.71,10.63,False,Ambient,,2025-01-06 09:50:00,2025-01-06 09:34:00,2025-01-06 10:02:00,2025-01-06 13:57:00,LOW,5.32,PENDING
ORD00773,CUST00128,LOC0027,Gated Apartment,Apt-027,13.031694,80.275583,Normal-Item-13,Normal,1.49,3.33,False,Ambient,,2025-01-06 09:59:00,2025-01-06 09:47:00,2025-01-06 10:10:00,2025-01-06 12:01:00,NORMAL,6.21,PENDING
ORD00774,CUST00208,LOC0024,Office Complex,Office-024,13.069745,80.297134,Normal-Item-17,Normal,1.62,4.22,False,Ambient,,2025-01-06 09:46:00,2025-01-06 09:19:00,2025-01-06 10:02:00,2025-01-06 11:30:00,NORMAL,5.92,PENDING
ORD00775,CUST00499,LOC0035,Gated Apartment,Apt-035,13.031973,80.225177,Fragile-Item-22,Fragile,1.3,16.29,True,Ambient,,2025-01-06 08:48:00,2025-01-06 08:19:00,2025-01-06 09:03:00,2025-01-06 12:46:00,NORMAL,5.29,PENDING
ORD00776,CUST00362,LOC0024,Office Complex,Office-024,13.069888,80.296068,Fragile-Item-43,Fragile,1.33,15.17,True,Ambient,,2025-01-06 13:14:00,2025-01-06 11:50:00,2025-01-06 13:29:00,2025-01-06 14:49:00,HIGH,3.95,PENDING
ORD00777,CUST00213,LOC0036,Office Complex,Office-036,13.007443,80.247455,Hot Food-Item-2,Hot Food,0.93,8.6,False,Hot,,2025-01-06 10:30:00,2025-01-06 10:27:00,2025-01-06 10:40:00,2025-01-06 12:02:00,NORMAL,4.93,PENDING
ORD00778,CUST00470,LOC0018,Gated Apartment,Apt-018,12.995614,80.277377,Heavy-Item-12,Heavy,14.11,26.01,False,Ambient,,2025-01-06 11:28:00,2025-01-06 11:24:00,2025-01-06 11:33:00,2025-01-06 12:39:00,NORMAL,5.56,PENDING
ORD00779,CUST00013,LOC0010,Gated Apartment,Apt-010,13.029509,80.233569,Frozen-Item-12,Frozen,5.65,13.48,False,Frozen,,2025-01-06 11:56:00,2025-01-06 11:53:00,2025-01-06 12:03:00,2025-01-06 13:55:00,NORMAL,2.64,PENDING
ORD00780,CUST00265,LOC0005,Gated Apartment,Apt-005,12.998354,80.303759,Heavy-Item-10,Heavy,7.25,17.93,False,Ambient,,2025-01-06 11:20:00,2025-01-06 10:57:00,2025-01-06 11:37:00,2025-01-06 12:49:00,URGENT,5.94,PENDING
ORD00781,CUST00354,LOC0008,Gated Apartment,Apt-008,13.061422,80.248107,Normal-Item-17,Normal,4.68,10.28,False,Ambient,,2025-01-06 11:40:00,2025-01-06 10:52:00,2025-01-06 11:58:00,2025-01-06 13:08:00,NORMAL,5.62,PENDING
ORD00782,CUST00180,LOC0021,Office Complex,Office-021,13.058327,80.28708,Normal-Item-25,Normal,3.6,11.21,False,Ambient,,2025-01-06 09:54:00,2025-01-06 08:46:00,2025-01-06 10:06:00,2025-01-06 11:55:00,LOW,6.23,PENDING
ORD00783,CUST00060,LOC0024,Office Complex,Office-024,13.07059,80.295651,Heavy-Item-21,Heavy,11.33,27.95,False,Ambient,,2025-01-06 09:39:00,2025-01-06 08:28:00,2025-01-06 09:46:00,2025-01-06 11:56:00,HIGH,5.01,PENDING
ORD00784,CUST00182,LOC0007,Office Complex,Office-007,13.058532,80.258807,Fragile-Item-44,Fragile,2.76,17.18,True,Ambient,,2025-01-06 11:58:00,2025-01-06 11:53:00,2025-01-06 12:08:00,2025-01-06 13:10:00,NORMAL,2.41,PENDING
ORD00785,CUST00373,LOC0033,Gated Apartment,Apt-033,13.017911,80.305958,Normal-Item-48,Normal,3.35,2.77,False,Ambient,,2025-01-06 12:24:00,2025-01-06 11:04:00,2025-01-06 12:32:00,2025-01-06 15:15:00,NORMAL,2.28,PENDING
ORD00786,CUST00467,LOC0034,Gated Apartment,Apt-034,13.024466,80.243392,Frozen-Item-12,Frozen,3.96,8.83,False,Frozen,,2025-01-06 12:57:00,2025-01-06 10:55:00,2025-01-06 13:10:00,2025-01-06 16:00:00,HIGH,5.7,PENDING
ORD00787,CUST00115,LOC0037,Office Complex,Office-037,13.002915,80.249219,Fragile-Item-36,Fragile,3.23,8.6,True,Ambient,,2025-01-06 10:27:00,2025-01-06 10:06:00,2025-01-06 10:39:00,2025-01-06 11:47:00,URGENT,3.59,PENDING
ORD00788,CUST00076,LOC0023,Gated Apartment,Apt-023,13.076848,80.276177,Hot Food-Item-47,Hot Food,1.86,5.01,False,Hot,,2025-01-06 09:31:00,2025-01-06 09:26:00,2025-01-06 09:41:00,2025-01-06 11:46:00,HIGH,3.44,PENDING
ORD00789,CUST00143,LOC0036,Office Complex,Office-036,13.007907,80.247817,Normal-Item-7,Normal,0.89,6.07,False,Ambient,,2025-01-06 10:35:00,2025-01-06 09:24:00,2025-01-06 10:49:00,2025-01-06 14:16:00,HIGH,6.33,PENDING
ORD00790,CUST00222,LOC0010,Gated Apartment,Apt-010,13.030722,80.23455,Hot Food-Item-49,Hot Food,1.4,4.14,False,Hot,,2025-01-06 12:11:00,2025-01-06 11:56:00,2025-01-06 12:30:00,2025-01-06 15:52:00,LOW,4.25,PENDING
ORD00791,CUST00088,LOC0007,Office Complex,Office-007,13.059281,80.259813,Fragile-Item-1,Fragile,1.41,18.13,True,Ambient,,2025-01-06 12:10:00,2025-01-06 11:06:00,2025-01-06 12:18:00,2025-01-06 15:00:00,NORMAL,2.47,PENDING
ORD00792,CUST00453,LOC0001,Office Complex,Office-001,13.060296,80.263923,Heavy-Item-48,Heavy,8.23,22.03,False,Ambient,,2025-01-06 11:49:00,2025-01-06 11:33:00,2025-01-06 11:55:00,2025-01-06 13:15:00,NORMAL,5.73,PENDING
ORD00793,CUST00163,LOC0026,Office Complex,Office-026,13.00678,80.275526,Normal-Item-4,Normal,0.8,2.35,False,Ambient,,2025-01-06 09:55:00,2025-01-06 09:39:00,2025-01-06 10:07:00,2025-01-06 11:08:00,NORMAL,2.88,PENDING
ORD00794,CUST00165,LOC0030,Office Complex,Office-030,13.052578,80.264579,Normal-Item-10,Normal,2.3,11.67,False,Ambient,,2025-01-06 11:48:00,2025-01-06 10:20:00,2025-01-06 12:04:00,2025-01-06 14:06:00,NORMAL,6.15,PENDING
ORD00795,CUST00217,LOC0040,Gated Apartment,Apt-040,13.049783,80.297875,Hot Food-Item-41,Hot Food,1.27,7.39,False,Hot,,2025-01-06 09:57:00,2025-01-06 09:50:00,2025-01-06 10:14:00,2025-01-06 11:36:00,LOW,2.58,PENDING
ORD00796,CUST00349,LOC0003,Office Complex,Office-003,13.067128,80.290307,Hot Food-Item-35,Hot Food,1.25,7.18,False,Hot,,2025-01-06 09:38:00,2025-01-06 09:18:00,2025-01-06 09:47:00,2025-01-06 12:13:00,NORMAL,2.63,PENDING
ORD00797,CUST00488,LOC0031,Gated Apartment,Apt-031,13.056808,80.241364,Fragile-Item-15,Fragile,2.96,11.42,True,Ambient,,2025-01-06 09:36:00,2025-01-06 09:20:00,2025-01-06 09:51:00,2025-01-06 11:02:00,NORMAL,5.54,PENDING
ORD00798,CUST00120,LOC0007,Office Complex,Office-007,13.058542,80.258827,Heavy-Item-37,Heavy,9.75,28.52,False,Ambient,,2025-01-06 09:32:00,2025-01-06 09:16:00,2025-01-06 09:37:00,2025-01-06 13:11:00,HIGH,6.26,PENDING
ORD00799,CUST00038,LOC0031,Gated Apartment,Apt-031,13.056844,80.242114,Chemical-Item-8,Chemical,6.05,3.06,False,Ambient,,2025-01-06 13:24:00,2025-01-06 11:15:00,2025-01-06 13:30:00,2025-01-06 14:37:00,LOW,5.99,PENDING
ORD00800,CUST00206,LOC0034,Gated Apartment,Apt-034,13.023163,80.24323,Fragile-Item-14,Fragile,2.39,10.05,True,Ambient,,2025-01-06 09:51:00,2025-01-06 09:43:00,2025-01-06 09:56:00,2025-01-06 12:14:00,NORMAL,2.23,PENDING
ORD00801,CUST00027,LOC0035,Gated Apartment,Apt-035,13.032231,80.225473,Heavy-Item-34,Heavy,10.89,31.75,False,Ambient,,2025-01-06 09:12:00,2025-01-06 09:01:00,2025-01-06 09:18:00,2025-01-06 12:19:00,HIGH,6.04,PENDING
ORD00802,CUST00006,LOC0017,Gated Apartment,Apt-017,13.040497,80.266072,Heavy-Item-5,Heavy,8.61,32.47,False,Ambient,,2025-01-06 11:45:00,2025-01-06 11:31:00,2025-01-06 11:54:00,2025-01-06 14:29:00,NORMAL,2.17,PENDING
ORD00803,CUST00477,LOC0031,Gated Apartment,Apt-031,13.055849,80.242759,Hot Food-Item-44,Hot Food,2.5,8.92,False,Hot,,2025-01-06 08:48:00,2025-01-06 08:36:00,2025-01-06 08:54:00,2025-01-06 10:44:00,NORMAL,5.92,PENDING
ORD00804,CUST00498,LOC0005,Gated Apartment,Apt-005,12.997383,80.303313,Normal-Item-24,Normal,0.43,3.7,False,Ambient,,2025-01-06 12:46:00,2025-01-06 11:23:00,2025-01-06 12:57:00,2025-01-06 15:32:00,NORMAL,4.34,PENDING
ORD00805,CUST00133,LOC0010,Gated Apartment,Apt-010,13.030301,80.234667,Fragile-Item-21,Fragile,0.51,17.9,True,Ambient,,2025-01-06 09:37:00,2025-01-06 09:12:00,2025-01-06 09:46:00,2025-01-06 11:14:00,NORMAL,3.59,PENDING
ORD00806,CUST00263,LOC0010,Gated Apartment,Apt-010,13.030454,80.234472,Fragile-Item-30,Fragile,1.92,5.82,True,Ambient,,2025-01-06 14:09:00,2025-01-06 11:54:00,2025-01-06 14:26:00,2025-01-06 16:16:00,NORMAL,5.47,PENDING
ORD00807,CUST00423,LOC0032,Gated Apartment,Apt-032,13.077552,80.261051,Normal-Item-32,Normal,1.44,6.99,False,Ambient,,2025-01-06 11:13:00,2025-01-06 10:54:00,2025-01-06 11:30:00,2025-01-06 14:49:00,HIGH,3.63,PENDING
ORD00808,CUST00465,LOC0014,Gated Apartment,Apt-014,13.06333,80.286113,Normal-Item-30,Normal,3.37,3.34,False,Ambient,,2025-01-06 11:29:00,2025-01-06 09:44:00,2025-01-06 11:44:00,2025-01-06 13:52:00,NORMAL,5.24,PENDING
ORD00809,CUST00161,LOC0005,Gated Apartment,Apt-005,12.998254,80.302891,Normal-Item-34,Normal,1.02,6.32,False,Ambient,,2025-01-06 09:51:00,2025-01-06 09:45:00,2025-01-06 10:02:00,2025-01-06 13:20:00,LOW,6.06,PENDING
ORD00810,CUST00492,LOC0014,Gated Apartment,Apt-014,13.063302,80.286615,Normal-Item-6,Normal,3.42,7.55,False,Ambient,,2025-01-06 12:14:00,2025-01-06 11:51:00,2025-01-06 12:21:00,2025-01-06 16:17:00,LOW,2.98,PENDING
ORD00811,CUST00064,LOC0010,Gated Apartment,Apt-010,13.029549,80.233387,Hot Food-Item-39,Hot Food,2.18,5.92,False,Hot,,2025-01-06 09:07:00,2025-01-06 08:56:00,2025-01-06 09:19:00,2025-01-06 13:16:00,HIGH,3.18,PENDING
ORD00812,CUST00163,LOC0005,Gated Apartment,Apt-005,12.998304,80.304368,Heavy-Item-8,Heavy,9.54,16.84,True,Ambient,,2025-01-06 10:41:00,2025-01-06 10:37:00,2025-01-06 10:47:00,2025-01-06 12:12:00,NORMAL,3.52,PENDING
ORD00813,CUST00339,LOC0036,Office Complex,Office-036,13.006167,80.247998,Normal-Item-2,Normal,2.63,8.74,False,Ambient,,2025-01-06 11:22:00,2025-01-06 11:08:00,2025-01-06 11:30:00,2025-01-06 14:33:00,NORMAL,4.31,PENDING
ORD00814,CUST00103,LOC0020,Office Complex,Office-020,13.046393,80.232352,Fragile-Item-9,Fragile,3.21,15.65,True,Ambient,,2025-01-06 09:15:00,2025-01-06 08:48:00,2025-01-06 09:21:00,2025-01-06 11:57:00,HIGH,4.66,PENDING
ORD00815,CUST00073,LOC0014,Gated Apartment,Apt-014,13.063684,80.28596,Hot Food-Item-3,Hot Food,1.55,6.69,False,Hot,,2025-01-06 09:44:00,2025-01-06 09:21:00,2025-01-06 09:52:00,2025-01-06 13:04:00,NORMAL,6.47,PENDING
ORD00816,CUST00238,LOC0013,Gated Apartment,Apt-013,13.046953,80.298056,Normal-Item-1,Normal,3.69,8.55,False,Ambient,,2025-01-06 10:58:00,2025-01-06 10:32:00,2025-01-06 11:05:00,2025-01-06 14:14:00,NORMAL,5.49,PENDING
ORD00817,CUST00100,LOC0007,Office Complex,Office-007,13.05945,80.25908,Fragile-Item-34,Fragile,1.78,11.06,True,Ambient,,2025-01-06 11:48:00,2025-01-06 11:46:00,2025-01-06 12:06:00,2025-01-06 16:00:00,LOW,3.21,PENDING
ORD00818,CUST00481,LOC0009,Gated Apartment,Apt-009,13.00228,80.288554,Frozen-Item-25,Frozen,2.0,6.89,False,Frozen,,2025-01-06 10:30:00,2025-01-06 10:05:00,2025-01-06 10:39:00,2025-01-06 14:12:00,LOW,5.52,PENDING
ORD00819,CUST00155,LOC0005,Gated Apartment,Apt-005,12.998135,80.304473,Normal-Item-3,Normal,2.47,8.52,False,Ambient,,2025-01-06 12:32:00,2025-01-06 10:04:00,2025-01-06 12:38:00,2025-01-06 16:12:00,LOW,5.24,PENDING
ORD00820,CUST00410,LOC0004,Gated Apartment,Apt-004,13.051834,80.250167,Fragile-Item-19,Fragile,2.57,9.62,True,Ambient,,2025-01-06 10:29:00,2025-01-06 09:40:00,2025-01-06 10:41:00,2025-01-06 12:02:00,NORMAL,5.86,PENDING
ORD00821,CUST00207,LOC0009,Gated Apartment,Apt-009,13.001388,80.28849,Hot Food-Item-30,Hot Food,2.56,8.66,False,Hot,,2025-01-06 11:23:00,2025-01-06 11:20:00,2025-01-06 11:36:00,2025-01-06 15:12:00,LOW,6.06,PENDING
ORD00822,CUST00461,LOC0013,Gated Apartment,Apt-013,13.048172,80.298796,Frozen-Item-24,Frozen,5.3,5.26,False,Frozen,,2025-01-06 12:11:00,2025-01-06 11:54:00,2025-01-06 12:20:00,2025-01-06 14:48:00,LOW,4.62,PENDING
ORD00823,CUST00113,LOC0007,Office Complex,Office-007,13.058479,80.259853,Normal-Item-36,Normal,3.07,9.55,True,Ambient,,2025-01-06 12:06:00,2025-01-06 11:44:00,2025-01-06 12:16:00,2025-01-06 15:04:00,NORMAL,2.11,PENDING
ORD00824,CUST00076,LOC0015,Gated Apartment,Apt-015,13.030678,80.290511,Chemical-Item-10,Chemical,1.31,7.3,False,Ambient,,2025-01-06 08:23:00,2025-01-06 08:02:00,2025-01-06 08:28:00,2025-01-06 09:31:00,URGENT,3.45,PENDING
ORD00825,CUST00351,LOC0039,Gated Apartment,Apt-039,13.01077,80.275168,Normal-Item-35,Normal,3.45,9.37,False,Ambient,,2025-01-06 10:57:00,2025-01-06 10:36:00,2025-01-06 11:04:00,2025-01-06 14:39:00,NORMAL,5.33,PENDING
ORD00826,CUST00108,LOC0025,Office Complex,Office-025,13.060496,80.283027,Fragile-Item-12,Fragile,1.19,17.64,True,Ambient,,2025-01-06 10:37:00,2025-01-06 10:09:00,2025-01-06 10:42:00,2025-01-06 13:30:00,LOW,4.9,PENDING
ORD00827,CUST00064,LOC0003,Office Complex,Office-003,13.06804,80.290538,Normal-Item-24,Normal,3.99,8.55,False,Ambient,,2025-01-06 11:34:00,2025-01-06 11:08:00,2025-01-06 11:46:00,2025-01-06 12:47:00,NORMAL,2.95,PENDING
ORD00828,CUST00413,LOC0011,Gated Apartment,Apt-011,13.023494,80.240331,Hot Food-Item-38,Hot Food,1.81,9.46,False,Hot,,2025-01-06 11:07:00,2025-01-06 11:05:00,2025-01-06 11:21:00,2025-01-06 14:15:00,NORMAL,4.17,PENDING
ORD00829,CUST00266,LOC0015,Gated Apartment,Apt-015,13.032398,80.291233,Normal-Item-36,Normal,1.48,5.68,False,Ambient,,2025-01-06 08:28:00,2025-01-06 08:13:00,2025-01-06 08:37:00,2025-01-06 12:08:00,NORMAL,6.28,PENDING
ORD00830,CUST00091,LOC0024,Office Complex,Office-024,13.070009,80.295657,Normal-Item-2,Normal,3.99,3.72,False,Ambient,,2025-01-06 11:47:00,2025-01-06 11:44:00,2025-01-06 12:01:00,2025-01-06 14:52:00,HIGH,5.57,PENDING
ORD00831,CUST00398,LOC0019,Gated Apartment,Apt-019,13.065143,80.234157,Hot Food-Item-17,Hot Food,1.98,9.65,False,Hot,,2025-01-06 10:44:00,2025-01-06 10:21:00,2025-01-06 11:03:00,2025-01-06 11:54:00,URGENT,2.05,PENDING
ORD00832,CUST00229,LOC0024,Office Complex,Office-024,13.069261,80.296098,Frozen-Item-36,Frozen,1.17,5.8,False,Frozen,,2025-01-06 10:57:00,2025-01-06 10:48:00,2025-01-06 11:12:00,2025-01-06 13:51:00,HIGH,3.26,PENDING
ORD00833,CUST00491,LOC0002,Gated Apartment,Apt-002,13.027774,80.302636,Heavy-Item-47,Heavy,14.04,32.03,False,Ambient,,2025-01-06 09:48:00,2025-01-06 09:37:00,2025-01-06 10:07:00,2025-01-06 13:44:00,NORMAL,3.99,PENDING
ORD00834,CUST00192,LOC0030,Office Complex,Office-030,13.051431,80.263052,Frozen-Item-32,Frozen,1.95,7.84,False,Frozen,,2025-01-06 10:11:00,2025-01-06 09:49:00,2025-01-06 10:20:00,2025-01-06 11:37:00,NORMAL,4.86,PENDING
ORD00835,CUST00219,LOC0009,Gated Apartment,Apt-009,13.002617,80.289094,Fragile-Item-22,Fragile,1.34,8.69,True,Ambient,,2025-01-06 10:21:00,2025-01-06 10:09:00,2025-01-06 10:35:00,2025-01-06 13:25:00,NORMAL,5.85,PENDING
ORD00836,CUST00205,LOC0040,Gated Apartment,Apt-040,13.049934,80.298052,Hot Food-Item-6,Hot Food,2.15,8.29,False,Hot,,2025-01-06 09:09:00,2025-01-06 08:46:00,2025-01-06 09:14:00,2025-01-06 12:39:00,NORMAL,3.14,PENDING
ORD00837,CUST00125,LOC0035,Gated Apartment,Apt-035,13.032111,80.225473,Normal-Item-30,Normal,3.94,4.26,False,Ambient,,2025-01-06 10:08:00,2025-01-06 10:04:00,2025-01-06 10:14:00,2025-01-06 13:44:00,HIGH,5.99,PENDING
ORD00838,CUST00085,LOC0019,Gated Apartment,Apt-019,13.064786,80.233655,Normal-Item-8,Normal,1.14,5.01,False,Ambient,,2025-01-06 10:07:00,2025-01-06 10:00:00,2025-01-06 10:22:00,2025-01-06 12:37:00,LOW,3.63,PENDING
ORD00839,CUST00454,LOC0037,Office Complex,Office-037,13.000877,80.250267,Hot Food-Item-13,Hot Food,2.04,6.63,False,Hot,,2025-01-06 10:51:00,2025-01-06 09:37:00,2025-01-06 11:10:00,2025-01-06 13:45:00,NORMAL,5.44,PENDING
ORD00840,CUST00396,LOC0003,Office Complex,Office-003,13.067484,80.288934,Hot Food-Item-2,Hot Food,0.65,5.74,False,Hot,,2025-01-06 09:45:00,2025-01-06 09:16:00,2025-01-06 10:04:00,2025-01-06 12:22:00,NORMAL,3.45,PENDING
ORD00841,CUST00434,LOC0030,Office Complex,Office-030,13.051739,80.262954,Fragile-Item-48,Fragile,1.71,12.67,True,Ambient,,2025-01-06 11:50:00,2025-01-06 11:37:00,2025-01-06 12:04:00,2025-01-06 15:38:00,NORMAL,4.27,PENDING
ORD00842,CUST00295,LOC0024,Office Complex,Office-024,13.071014,80.296133,Normal-Item-7,Normal,4.08,11.23,False,Ambient,,2025-01-06 10:36:00,2025-01-06 10:31:00,2025-01-06 10:50:00,2025-01-06 13:45:00,NORMAL,4.27,PENDING
ORD00843,CUST00368,LOC0038,Office Complex,Office-038,13.033202,80.286327,Fragile-Item-11,Fragile,1.75,18.63,True,Ambient,,2025-01-06 11:56:00,2025-01-06 11:41:00,2025-01-06 12:08:00,2025-01-06 12:54:00,URGENT,5.15,PENDING
ORD00844,CUST00137,LOC0018,Gated Apartment,Apt-018,12.995727,80.276691,Normal-Item-49,Normal,4.83,2.86,False,Ambient,,2025-01-06 12:01:00,2025-01-06 11:40:00,2025-01-06 12:06:00,2025-01-06 15:03:00,HIGH,3.93,PENDING
ORD00845,CUST00250,LOC0020,Office Complex,Office-020,13.046617,80.231647,Hot Food-Item-18,Hot Food,1.31,7.75,False,Hot,,2025-01-06 11:41:00,2025-01-06 11:36:00,2025-01-06 11:55:00,2025-01-06 13:51:00,HIGH,3.07,PENDING
ORD00846,CUST00035,LOC0020,Office Complex,Office-020,13.047601,80.231151,Normal-Item-35,Normal,2.12,3.16,False,Ambient,,2025-01-06 11:38:00,2025-01-06 09:50:00,2025-01-06 11:49:00,2025-01-06 14:53:00,NORMAL,4.9,PENDING
ORD00847,CUST00036,LOC0001,Office Complex,Office-001,13.059485,80.263809,Fragile-Item-35,Fragile,2.0,16.01,True,Ambient,,2025-01-06 08:32:00,2025-01-06 08:04:00,2025-01-06 08:46:00,2025-01-06 12:06:00,NORMAL,3.54,PENDING
ORD00848,CUST00363,LOC0038,Office Complex,Office-038,13.032819,80.286783,Chemical-Item-24,Chemical,6.73,5.0,False,Ambient,,2025-01-06 11:32:00,2025-01-06 11:28:00,2025-01-06 11:44:00,2025-01-06 14:09:00,NORMAL,5.92,PENDING
ORD00849,CUST00271,LOC0028,Gated Apartment,Apt-028,12.993756,80.250672,Normal-Item-22,Normal,3.32,10.57,False,Ambient,,2025-01-06 11:21:00,2025-01-06 11:03:00,2025-01-06 11:26:00,2025-01-06 12:32:00,NORMAL,2.16,PENDING
ORD00850,CUST00115,LOC0021,Office Complex,Office-021,13.05952,80.287609,Frozen-Item-4,Frozen,1.52,13.3,False,Frozen,,2025-01-06 10:09:00,2025-01-06 10:04:00,2025-01-06 10:14:00,2025-01-06 11:17:00,URGENT,2.77,PENDING
ORD00851,CUST00444,LOC0033,Gated Apartment,Apt-033,13.019366,80.306003,Normal-Item-6,Normal,3.18,7.19,False,Ambient,,2025-01-06 12:07:00,2025-01-06 11:58:00,2025-01-06 12:20:00,2025-01-06 14:05:00,NORMAL,3.5,PENDING
ORD00852,CUST00205,LOC0033,Gated Apartment,Apt-033,13.019116,80.305486,Chemical-Item-13,Chemical,5.42,8.24,False,Ambient,,2025-01-06 08:35:00,2025-01-06 08:33:00,2025-01-06 08:47:00,2025-01-06 10:06:00,HIGH,2.39,PENDING
ORD00853,CUST00206,LOC0028,Gated Apartment,Apt-028,12.993858,80.250227,Fragile-Item-23,Fragile,3.15,17.79,True,Ambient,,2025-01-06 09:12:00,2025-01-06 09:01:00,2025-01-06 09:26:00,2025-01-06 11:11:00,NORMAL,3.47,PENDING
ORD00854,CUST00031,LOC0003,Office Complex,Office-003,13.067588,80.291156,Heavy-Item-36,Heavy,13.78,24.95,False,Ambient,,2025-01-06 11:16:00,2025-01-06 11:03:00,2025-01-06 11:26:00,2025-01-06 14:46:00,NORMAL,5.19,PENDING
ORD00855,CUST00451,LOC0020,Office Complex,Office-020,13.047189,80.23056,Fragile-Item-6,Fragile,3.57,14.14,True,Ambient,,2025-01-06 08:24:00,2025-01-06 08:03:00,2025-01-06 08:42:00,2025-01-06 12:14:00,HIGH,5.07,PENDING
ORD00856,CUST00435,LOC0031,Gated Apartment,Apt-031,13.057124,80.241598,Heavy-Item-7,Heavy,8.01,25.26,False,Ambient,,2025-01-06 09:31:00,2025-01-06 09:05:00,2025-01-06 09:43:00,2025-01-06 12:36:00,NORMAL,2.38,PENDING
ORD00857,CUST00360,LOC0009,Gated Apartment,Apt-009,13.001591,80.28801,Hot Food-Item-16,Hot Food,2.26,3.03,False,Hot,,2025-01-06 08:33:00,2025-01-06 08:12:00,2025-01-06 08:44:00,2025-01-06 11:18:00,NORMAL,2.46,PENDING
ORD00858,CUST00407,LOC0002,Gated Apartment,Apt-002,13.028939,80.302429,Normal-Item-2,Normal,4.39,3.76,False,Ambient,,2025-01-06 08:42:00,2025-01-06 08:37:00,2025-01-06 08:57:00,2025-01-06 12:10:00,LOW,4.95,PENDING
ORD00859,CUST00314,LOC0023,Gated Apartment,Apt-023,13.077236,80.274931,Heavy-Item-21,Heavy,7.82,25.95,False,Ambient,,2025-01-06 09:26:00,2025-01-06 09:06:00,2025-01-06 09:36:00,2025-01-06 13:21:00,NORMAL,4.95,PENDING
ORD00860,CUST00180,LOC0009,Gated Apartment,Apt-009,13.003224,80.287518,Normal-Item-45,Normal,1.03,6.54,False,Ambient,,2025-01-06 10:38:00,2025-01-06 10:24:00,2025-01-06 10:43:00,2025-01-06 14:19:00,NORMAL,3.58,PENDING
ORD00861,CUST00199,LOC0023,Gated Apartment,Apt-023,13.077706,80.276714,Normal-Item-25,Normal,4.27,7.33,False,Ambient,,2025-01-06 10:57:00,2025-01-06 10:41:00,2025-01-06 11:08:00,2025-01-06 14:47:00,HIGH,2.81,PENDING
ORD00862,CUST00438,LOC0009,Gated Apartment,Apt-009,13.003097,80.289237,Fragile-Item-26,Fragile,1.44,14.6,True,Ambient,,2025-01-06 09:45:00,2025-01-06 09:24:00,2025-01-06 09:53:00,2025-01-06 10:52:00,URGENT,2.42,PENDING
ORD00863,CUST00437,LOC0035,Gated Apartment,Apt-035,13.032935,80.224903,Chemical-Item-32,Chemical,1.71,10.8,False,Ambient,,2025-01-06 10:15:00,2025-01-06 09:47:00,2025-01-06 10:22:00,2025-01-06 13:43:00,LOW,4.26,PENDING
ORD00864,CUST00105,LOC0018,Gated Apartment,Apt-018,12.995349,80.276624,Chemical-Item-27,Chemical,2.67,11.22,False,Ambient,,2025-01-06 08:53:00,2025-01-06 08:50:00,2025-01-06 09:07:00,2025-01-06 13:05:00,NORMAL,6.16,PENDING
ORD00865,CUST00211,LOC0031,Gated Apartment,Apt-031,13.057863,80.24099,Normal-Item-25,Normal,0.36,3.82,False,Ambient,,2025-01-06 10:28:00,2025-01-06 08:45:00,2025-01-06 10:46:00,2025-01-06 12:29:00,NORMAL,5.49,PENDING
ORD00866,CUST00272,LOC0016,Gated Apartment,Apt-016,13.010671,80.298841,Normal-Item-19,Normal,3.05,9.51,False,Ambient,,2025-01-06 10:33:00,2025-01-06 10:22:00,2025-01-06 10:45:00,2025-01-06 12:35:00,HIGH,3.01,PENDING
ORD00867,CUST00341,LOC0026,Office Complex,Office-026,13.007353,80.275408,Frozen-Item-46,Frozen,4.25,8.36,False,Frozen,,2025-01-06 10:58:00,2025-01-06 10:41:00,2025-01-06 11:10:00,2025-01-06 14:43:00,NORMAL,5.52,PENDING
ORD00868,CUST00113,LOC0039,Gated Apartment,Apt-039,13.009217,80.276057,Hot Food-Item-44,Hot Food,0.51,7.46,False,Hot,,2025-01-06 11:50:00,2025-01-06 11:40:00,2025-01-06 12:09:00,2025-01-06 13:16:00,HIGH,4.93,PENDING
ORD00869,CUST00272,LOC0003,Office Complex,Office-003,13.066831,80.28995,Hot Food-Item-23,Hot Food,0.78,9.82,False,Hot,,2025-01-06 09:30:00,2025-01-06 09:02:00,2025-01-06 09:36:00,2025-01-06 10:45:00,URGENT,3.86,PENDING
ORD00870,CUST00356,LOC0018,Gated Apartment,Apt-018,12.995749,80.277015,Normal-Item-26,Normal,2.56,3.63,False,Ambient,,2025-01-06 10:12:00,2025-01-06 09:54:00,2025-01-06 10:23:00,2025-01-06 14:00:00,NORMAL,5.18,PENDING
ORD00871,CUST00124,LOC0013,Gated Apartment,Apt-013,13.046788,80.297808,Normal-Item-35,Normal,4.1,5.53,False,Ambient,,2025-01-06 13:02:00,2025-01-06 11:11:00,2025-01-06 13:19:00,2025-01-06 14:27:00,NORMAL,2.96,PENDING
ORD00872,CUST00357,LOC0009,Gated Apartment,Apt-009,13.0014,80.28858,Normal-Item-29,Normal,3.11,8.89,False,Ambient,,2025-01-06 09:10:00,2025-01-06 08:53:00,2025-01-06 09:29:00,2025-01-06 10:48:00,LOW,5.65,PENDING
ORD00873,CUST00196,LOC0027,Gated Apartment,Apt-027,13.031445,80.274825,Hot Food-Item-21,Hot Food,1.04,3.0,False,Hot,,2025-01-06 10:11:00,2025-01-06 09:44:00,2025-01-06 10:28:00,2025-01-06 13:01:00,LOW,3.04,PENDING
ORD00874,CUST00073,LOC0004,Gated Apartment,Apt-004,13.052689,80.250006,Normal-Item-35,Normal,4.46,7.77,True,Ambient,,2025-01-06 10:49:00,2025-01-06 10:28:00,2025-01-06 11:08:00,2025-01-06 12:48:00,NORMAL,3.16,PENDING
ORD00875,CUST00357,LOC0039,Gated Apartment,Apt-039,13.010478,80.276025,Normal-Item-43,Normal,0.79,4.03,False,Ambient,,2025-01-06 10:19:00,2025-01-06 10:03:00,2025-01-06 10:38:00,2025-01-06 11:40:00,NORMAL,2.05,PENDING
ORD00876,CUST00086,LOC0008,Gated Apartment,Apt-008,13.061239,80.249044,Fragile-Item-28,Fragile,1.81,12.07,True,Ambient,,2025-01-06 10:52:00,2025-01-06 10:42:00,2025-01-06 11:00:00,2025-01-06 14:39:00,NORMAL,3.45,PENDING
ORD00877,CUST00160,LOC0014,Gated Apartment,Apt-014,13.064657,80.286544,Frozen-Item-15,Frozen,5.24,6.2,False,Frozen,FRO-G3,2025-01-06 09:55:00,2025-01-06 09:43:00,2025-01-06 10:08:00,2025-01-06 12:53:00,NORMAL,3.84,PENDING
ORD00878,CUST00339,LOC0021,Office Complex,Office-021,13.058262,80.287879,Normal-Item-36,Normal,3.81,11.4,False,Ambient,,2025-01-06 09:07:00,2025-01-06 09:04:00,2025-01-06 09:18:00,2025-01-06 11:04:00,LOW,6.11,PENDING
ORD00879,CUST00207,LOC0025,Office Complex,Office-025,13.060599,80.283508,Normal-Item-3,Normal,2.29,11.79,False,Ambient,,2025-01-06 08:31:00,2025-01-06 08:16:00,2025-01-06 08:40:00,2025-01-06 12:05:00,NORMAL,3.48,PENDING
ORD00880,CUST00196,LOC0032,Gated Apartment,Apt-032,13.077303,80.261585,Heavy-Item-39,Heavy,13.84,30.66,False,Ambient,,2025-01-06 11:27:00,2025-01-06 11:04:00,2025-01-06 11:43:00,2025-01-06 15:22:00,NORMAL,5.32,PENDING
ORD00881,CUST00479,LOC0007,Office Complex,Office-007,13.058723,80.259905,Normal-Item-39,Normal,3.85,8.31,False,Ambient,,2025-01-06 08:47:00,2025-01-06 08:37:00,2025-01-06 09:06:00,2025-01-06 11:03:00,NORMAL,2.71,PENDING
ORD00882,CUST00141,LOC0016,Gated Apartment,Apt-016,13.009615,80.29855,Chemical-Item-42,Chemical,6.06,9.78,False,Ambient,,2025-01-06 09:16:00,2025-01-06 09:06:00,2025-01-06 09:35:00,2025-01-06 13:10:00,NORMAL,5.32,PENDING
ORD00883,CUST00357,LOC0018,Gated Apartment,Apt-018,12.995837,80.277106,Normal-Item-44,Normal,3.43,2.1,False,Ambient,,2025-01-06 11:09:00,2025-01-06 10:53:00,2025-01-06 11:22:00,2025-01-06 13:47:00,NORMAL,3.87,PENDING
ORD00884,CUST00474,LOC0002,Gated Apartment,Apt-002,13.028656,80.302711,Normal-Item-33,Normal,0.93,9.61,False,Ambient,,2025-01-06 08:51:00,2025-01-06 08:46:00,2025-01-06 09:00:00,2025-01-06 11:48:00,NORMAL,3.0,PENDING
ORD00885,CUST00030,LOC0023,Gated Apartment,Apt-023,13.078074,80.276763,Frozen-Item-9,Frozen,2.0,8.89,False,Frozen,,2025-01-06 10:43:00,2025-01-06 10:22:00,2025-01-06 10:55:00,2025-01-06 12:22:00,NORMAL,4.73,PENDING
ORD00886,CUST00232,LOC0033,Gated Apartment,Apt-033,13.019064,80.305104,Fragile-Item-37,Fragile,3.93,9.74,True,Ambient,,2025-01-06 11:20:00,2025-01-06 08:55:00,2025-01-06 11:27:00,2025-01-06 12:15:00,URGENT,5.35,PENDING
ORD00887,CUST00231,LOC0026,Office Complex,Office-026,13.007095,80.27474,Normal-Item-36,Normal,3.0,11.34,False,Ambient,,2025-01-06 11:02:00,2025-01-06 10:46:00,2025-01-06 11:20:00,2025-01-06 14:48:00,NORMAL,4.41,PENDING
ORD00888,CUST00077,LOC0017,Gated Apartment,Apt-017,13.040015,80.265256,Hot Food-Item-16,Hot Food,1.09,4.09,False,Hot,,2025-01-06 09:38:00,2025-01-06 09:31:00,2025-01-06 09:52:00,2025-01-06 13:03:00,NORMAL,3.16,PENDING
ORD00889,CUST00160,LOC0016,Gated Apartment,Apt-016,13.010111,80.298987,Normal-Item-46,Normal,1.69,2.95,True,Ambient,,2025-01-06 13:40:00,2025-01-06 11:13:00,2025-01-06 13:47:00,2025-01-06 16:59:00,LOW,4.92,PENDING
ORD00890,CUST00348,LOC0026,Office Complex,Office-026,13.006958,80.274772,Frozen-Item-42,Frozen,5.97,7.45,False,Frozen,FRO-G2,2025-01-06 11:48:00,2025-01-06 11:26:00,2025-01-06 12:03:00,2025-01-06 15:10:00,NORMAL,5.8,PENDING
ORD00891,CUST00203,LOC0007,Office Complex,Office-007,13.058943,80.259155,Hot Food-Item-41,Hot Food,0.83,7.02,False,Hot,,2025-01-06 09:25:00,2025-01-06 09:21:00,2025-01-06 09:41:00,2025-01-06 12:46:00,NORMAL,5.68,PENDING
ORD00892,CUST00134,LOC0029,Gated Apartment,Apt-029,13.003236,80.22355,Fragile-Item-23,Fragile,0.95,6.61,True,Ambient,,2025-01-06 10:42:00,2025-01-06 10:31:00,2025-01-06 10:49:00,2025-01-06 13:06:00,NORMAL,2.13,PENDING
ORD00893,CUST00355,LOC0014,Gated Apartment,Apt-014,13.063695,80.286582,Fragile-Item-12,Fragile,3.18,6.5,True,Ambient,,2025-01-06 08:22:00,2025-01-06 08:03:00,2025-01-06 08:35:00,2025-01-06 11:23:00,NORMAL,5.51,PENDING
ORD00894,CUST00133,LOC0027,Gated Apartment,Apt-027,13.031713,80.275038,Normal-Item-46,Normal,2.63,2.03,False,Ambient,,2025-01-06 09:23:00,2025-01-06 09:04:00,2025-01-06 09:35:00,2025-01-06 10:36:00,URGENT,4.87,PENDING
ORD00895,CUST00133,LOC0025,Office Complex,Office-025,13.059096,80.284434,Heavy-Item-38,Heavy,7.94,33.57,False,Ambient,,2025-01-06 09:00:00,2025-01-06 08:35:00,2025-01-06 09:09:00,2025-01-06 10:35:00,NORMAL,2.93,PENDING
ORD00896,CUST00257,LOC0034,Gated Apartment,Apt-034,13.023988,80.243651,Normal-Item-7,Normal,2.79,3.92,False,Ambient,,2025-01-06 10:39:00,2025-01-06 10:36:00,2025-01-06 10:50:00,2025-01-06 12:16:00,LOW,5.34,PENDING
ORD00897,CUST00464,LOC0006,Gated Apartment,Apt-006,13.077604,80.300139,Normal-Item-25,Normal,1.57,3.28,False,Ambient,,2025-01-06 08:33:00,2025-01-06 08:11:00,2025-01-06 08:45:00,2025-01-06 11:36:00,NORMAL,3.0,PENDING
ORD00898,CUST00092,LOC0018,Gated Apartment,Apt-018,12.996398,80.276915,Frozen-Item-28,Frozen,1.21,10.79,False,Frozen,,2025-01-06 11:08:00,2025-01-06 08:41:00,2025-01-06 11:16:00,2025-01-06 12:34:00,LOW,2.35,PENDING
ORD00899,CUST00013,LOC0034,Gated Apartment,Apt-034,13.024289,80.243231,Normal-Item-42,Normal,3.18,10.82,False,Ambient,,2025-01-06 09:10:00,2025-01-06 08:57:00,2025-01-06 09:17:00,2025-01-06 10:39:00,LOW,5.49,PENDING
ORD00900,CUST00494,LOC0032,Gated Apartment,Apt-032,13.077583,80.261709,Normal-Item-44,Normal,3.36,5.14,False,Ambient,,2025-01-06 10:10:00,2025-01-06 09:49:00,2025-01-06 10:15:00,2025-01-06 13:53:00,LOW,3.06,PENDING
ORD00901,CUST00362,LOC0020,Office Complex,Office-020,13.047329,80.23125,Normal-Item-6,Normal,0.86,8.25,False,Ambient,,2025-01-06 11:22:00,2025-01-06 11:18:00,2025-01-06 11:35:00,2025-01-06 13:16:00,NORMAL,5.54,PENDING
ORD00902,CUST00447,LOC0036,Office Complex,Office-036,13.007168,80.247926,Frozen-Item-14,Frozen,4.51,7.44,True,Frozen,,2025-01-06 09:30:00,2025-01-06 09:14:00,2025-01-06 09:45:00,2025-01-06 11:46:00,LOW,4.27,PENDING
ORD00903,CUST00298,LOC0005,Gated Apartment,Apt-005,12.998836,80.304346,Normal-Item-34,Normal,1.26,11.49,False,Ambient,,2025-01-06 11:58:00,2025-01-06 11:41:00,2025-01-06 12:03:00,2025-01-06 13:06:00,URGENT,4.48,PENDING
ORD00904,CUST00224,LOC0030,Office Complex,Office-030,13.051687,80.263716,Chemical-Item-14,Chemical,2.93,5.23,False,Ambient,,2025-01-06 10:07:00,2025-01-06 09:44:00,2025-01-06 10:15:00,2025-01-06 13:20:00,NORMAL,4.31,PENDING
ORD00905,CUST00422,LOC0018,Gated Apartment,Apt-018,12.996642,80.276972,Normal-Item-9,Normal,0.91,4.4,False,Ambient,,2025-01-06 11:46:00,2025-01-06 11:22:00,2025-01-06 11:55:00,2025-01-06 15:19:00,NORMAL,2.67,PENDING
ORD00906,CUST00401,LOC0031,Gated Apartment,Apt-031,13.057307,80.241181,Fragile-Item-2,Fragile,3.06,13.75,True,Ambient,,2025-01-06 10:16:00,2025-01-06 09:10:00,2025-01-06 10:25:00,2025-01-06 13:00:00,HIGH,5.8,PENDING
ORD00907,CUST00018,LOC0033,Gated Apartment,Apt-033,13.020102,80.304389,Normal-Item-34,Normal,4.09,4.16,False,Ambient,,2025-01-06 10:25:00,2025-01-06 09:59:00,2025-01-06 10:39:00,2025-01-06 14:08:00,NORMAL,4.82,PENDING
ORD00908,CUST00155,LOC0017,Gated Apartment,Apt-017,13.03969,80.266506,Normal-Item-24,Normal,1.19,10.03,False,Ambient,,2025-01-06 11:51:00,2025-01-06 11:25:00,2025-01-06 11:59:00,2025-01-06 14:32:00,NORMAL,5.54,PENDING
ORD00909,CUST00345,LOC0020,Office Complex,Office-020,13.046718,80.23284,Normal-Item-8,Normal,3.86,6.0,False,Ambient,,2025-01-06 10:46:00,2025-01-06 10:20:00,2025-01-06 11:05:00,2025-01-06 12:31:00,NORMAL,4.02,PENDING
ORD00910,CUST00359,LOC0036,Office Complex,Office-036,13.007031,80.248128,Normal-Item-6,Normal,3.16,3.13,False,Ambient,,2025-01-06 10:47:00,2025-01-06 10:44:00,2025-01-06 11:05:00,2025-01-06 12:15:00,NORMAL,3.58,PENDING
ORD00911,CUST00360,LOC0033,Gated Apartment,Apt-033,13.018385,80.306111,Chemical-Item-34,Chemical,5.35,2.96,False,Ambient,,2025-01-06 11:03:00,2025-01-06 10:47:00,2025-01-06 11:15:00,2025-01-06 12:26:00,URGENT,6.33,PENDING
ORD00912,CUST00135,LOC0040,Gated Apartment,Apt-040,13.049917,80.299235,Normal-Item-15,Normal,1.0,10.31,False,Ambient,,2025-01-06 08:19:00,2025-01-06 08:07:00,2025-01-06 08:27:00,2025-01-06 11:26:00,HIGH,4.48,PENDING
ORD00913,CUST00122,LOC0022,Office Complex,Office-022,13.02076,80.267807,Normal-Item-36,Normal,0.31,9.81,False,Ambient,,2025-01-06 12:52:00,2025-01-06 11:50:00,2025-01-06 13:06:00,2025-01-06 16:58:00,HIGH,2.07,PENDING
ORD00914,CUST00276,LOC0032,Gated Apartment,Apt-032,13.076227,80.261737,Frozen-Item-18,Frozen,5.97,8.82,False,Frozen,,2025-01-06 11:57:00,2025-01-06 11:48:00,2025-01-06 12:08:00,2025-01-06 13:18:00,NORMAL,5.88,PENDING
ORD00915,CUST00084,LOC0014,Gated Apartment,Apt-014,13.063173,80.285558,Normal-Item-25,Normal,2.82,2.58,False,Ambient,,2025-01-06 11:10:00,2025-01-06 11:02:00,2025-01-06 11:20:00,2025-01-06 12:27:00,URGENT,3.85,PENDING
ORD00916,CUST00246,LOC0030,Office Complex,Office-030,13.051286,80.264121,Hot Food-Item-41,Hot Food,1.35,8.6,False,Hot,,2025-01-06 12:28:00,2025-01-06 11:00:00,2025-01-06 12:47:00,2025-01-06 13:33:00,URGENT,2.47,PENDING
ORD00917,CUST00281,LOC0016,Gated Apartment,Apt-016,13.010615,80.298544,Heavy-Item-7,Heavy,7.66,25.81,False,Ambient,,2025-01-06 10:34:00,2025-01-06 10:09:00,2025-01-06 10:53:00,2025-01-06 12:50:00,NORMAL,2.56,PENDING
ORD00918,CUST00342,LOC0014,Gated Apartment,Apt-014,13.063708,80.286351,Fragile-Item-37,Fragile,0.91,18.96,True,Ambient,,2025-01-06 08:16:00,2025-01-06 08:11:00,2025-01-06 08:25:00,2025-01-06 09:46:00,LOW,2.83,PENDING
ORD00919,CUST00208,LOC0018,Gated Apartment,Apt-018,12.995817,80.277179,Normal-Item-3,Normal,2.7,4.48,False,Ambient,,2025-01-06 12:05:00,2025-01-06 11:51:00,2025-01-06 12:15:00,2025-01-06 15:00:00,LOW,3.99,PENDING
ORD00920,CUST00145,LOC0001,Office Complex,Office-001,13.059898,80.263685,Normal-Item-42,Normal,4.19,3.53,False,Ambient,,2025-01-06 08:40:00,2025-01-06 08:21:00,2025-01-06 08:55:00,2025-01-06 11:06:00,NORMAL,2.74,PENDING
ORD00921,CUST00298,LOC0002,Gated Apartment,Apt-002,13.029317,80.304197,Fragile-Item-31,Fragile,1.74,8.52,True,Ambient,,2025-01-06 08:48:00,2025-01-06 08:28:00,2025-01-06 08:59:00,2025-01-06 10:02:00,NORMAL,3.21,PENDING
ORD00922,CUST00074,LOC0004,Gated Apartment,Apt-004,13.052433,80.251178,Frozen-Item-1,Frozen,2.41,14.76,False,Frozen,,2025-01-06 08:18:00,2025-01-06 08:07:00,2025-01-06 08:30:00,2025-01-06 09:55:00,LOW,3.84,PENDING
ORD00923,CUST00414,LOC0033,Gated Apartment,Apt-033,13.018899,80.304792,Normal-Item-18,Normal,2.14,10.92,False,Ambient,,2025-01-06 09:42:00,2025-01-06 09:39:00,2025-01-06 09:57:00,2025-01-06 12:01:00,NORMAL,2.84,PENDING
ORD00924,CUST00046,LOC0025,Office Complex,Office-025,13.059447,80.284106,Fragile-Item-37,Fragile,2.44,15.02,True,Ambient,,2025-01-06 09:52:00,2025-01-06 09:32:00,2025-01-06 10:11:00,2025-01-06 13:20:00,NORMAL,2.81,PENDING
ORD00925,CUST00066,LOC0030,Office Complex,Office-030,13.050272,80.263576,Heavy-Item-36,Heavy,12.74,19.14,False,Ambient,,2025-01-06 10:50:00,2025-01-06 10:41:00,2025-01-06 10:58:00,2025-01-06 12:01:00,URGENT,3.41,PENDING
ORD00926,CUST00036,LOC0012,Office Complex,Office-012,13.072518,80.22102,Chemical-Item-1,Chemical,7.74,4.29,False,Ambient,,2025-01-06 10:17:00,2025-01-06 10:12:00,2025-01-06 10:29:00,2025-01-06 11:26:00,URGENT,3.11,PENDING
ORD00927,CUST00214,LOC0007,Office Complex,Office-007,13.058686,80.257823,Hot Food-Item-33,Hot Food,1.4,4.16,False,Hot,,2025-01-06 08:31:00,2025-01-06 08:11:00,2025-01-06 08:38:00,2025-01-06 10:37:00,NORMAL,5.52,PENDING
ORD00928,CUST00132,LOC0036,Office Complex,Office-036,13.007274,80.247926,Normal-Item-48,Normal,3.21,11.48,False,Ambient,,2025-01-06 11:44:00,2025-01-06 11:15:00,2025-01-06 11:49:00,2025-01-06 13:29:00,NORMAL,3.08,PENDING
ORD00929,CUST00218,LOC0008,Gated Apartment,Apt-008,13.060852,80.248609,Fragile-Item-40,Fragile,4.0,16.51,True,Ambient,,2025-01-06 12:03:00,2025-01-06 11:52:00,2025-01-06 12:17:00,2025-01-06 15:48:00,HIGH,3.03,PENDING
ORD00930,CUST00238,LOC0027,Gated Apartment,Apt-027,13.032531,80.275583,Hot Food-Item-1,Hot Food,2.92,9.23,False,Hot,,2025-01-06 10:44:00,2025-01-06 10:37:00,2025-01-06 10:57:00,2025-01-06 13:21:00,NORMAL,5.07,PENDING
ORD00931,CUST00295,LOC0001,Office Complex,Office-001,13.05968,80.263277,Normal-Item-40,Normal,1.86,9.6,True,Ambient,,2025-01-06 09:37:00,2025-01-06 09:11:00,2025-01-06 09:42:00,2025-01-06 11:40:00,LOW,6.09,PENDING
ORD00932,CUST00105,LOC0021,Office Complex,Office-021,13.058916,80.286595,Normal-Item-3,Normal,2.42,6.56,False,Ambient,,2025-01-06 08:48:00,2025-01-06 08:33:00,2025-01-06 09:06:00,2025-01-06 10:17:00,URGENT,5.16,PENDING
ORD00933,CUST00366,LOC0006,Gated Apartment,Apt-006,13.078579,80.3,Normal-Item-17,Normal,1.04,10.48,False,Ambient,,2025-01-06 08:22:00,2025-01-06 08:14:00,2025-01-06 08:36:00,2025-01-06 11:59:00,NORMAL,5.31,PENDING
ORD00934,CUST00005,LOC0009,Gated Apartment,Apt-009,13.001666,80.288382,Normal-Item-34,Normal,2.27,2.92,False,Ambient,,2025-01-06 11:27:00,2025-01-06 11:25:00,2025-01-06 11:44:00,2025-01-06 13:57:00,NORMAL,3.36,PENDING
ORD00935,CUST00225,LOC0036,Office Complex,Office-036,13.006769,80.248309,Normal-Item-13,Normal,3.48,11.36,False,Ambient,,2025-01-06 10:31:00,2025-01-06 10:02:00,2025-01-06 10:47:00,2025-01-06 13:15:00,LOW,3.0,PENDING
ORD00936,CUST00243,LOC0018,Gated Apartment,Apt-018,12.996887,80.275966,Normal-Item-20,Normal,4.28,6.96,False,Ambient,,2025-01-06 11:18:00,2025-01-06 10:54:00,2025-01-06 11:24:00,2025-01-06 13:13:00,HIGH,2.62,PENDING
ORD00937,CUST00099,LOC0001,Office Complex,Office-001,13.060472,80.264039,Fragile-Item-45,Fragile,1.76,15.15,True,Ambient,,2025-01-06 09:43:00,2025-01-06 08:54:00,2025-01-06 09:55:00,2025-01-06 11:06:00,NORMAL,5.62,PENDING
ORD00938,CUST00065,LOC0011,Gated Apartment,Apt-011,13.023784,80.239469,Normal-Item-17,Normal,1.71,10.81,False,Ambient,,2025-01-06 11:45:00,2025-01-06 11:37:00,2025-01-06 11:51:00,2025-01-06 15:49:00,NORMAL,4.03,PENDING
ORD00939,CUST00163,LOC0009,Gated Apartment,Apt-009,13.002011,80.288338,Chemical-Item-2,Chemical,7.73,6.36,False,Ambient,,2025-01-06 09:00:00,2025-01-06 08:42:00,2025-01-06 09:17:00,2025-01-06 11:39:00,NORMAL,2.53,PENDING
ORD00940,CUST00407,LOC0034,Gated Apartment,Apt-034,13.023417,80.243692,Normal-Item-28,Normal,1.69,11.48,False,Ambient,,2025-01-06 11:04:00,2025-01-06 08:47:00,2025-01-06 11:11:00,2025-01-06 13:42:00,NORMAL,2.92,PENDING
ORD00941,CUST00369,LOC0039,Gated Apartment,Apt-039,13.011454,80.275593,Fragile-Item-41,Fragile,0.69,12.5,True,Ambient,,2025-01-06 10:41:00,2025-01-06 10:20:00,2025-01-06 10:49:00,2025-01-06 12:45:00,HIGH,2.66,PENDING
ORD00942,CUST00463,LOC0030,Office Complex,Office-030,13.051525,80.263199,Normal-Item-8,Normal,0.89,6.46,False,Ambient,,2025-01-06 08:26:00,2025-01-06 08:12:00,2025-01-06 08:36:00,2025-01-06 09:46:00,LOW,3.19,PENDING
ORD00943,CUST00131,LOC0006,Gated Apartment,Apt-006,13.077619,80.299875,Normal-Item-46,Normal,2.76,11.92,False,Ambient,,2025-01-06 09:39:00,2025-01-06 09:23:00,2025-01-06 09:56:00,2025-01-06 12:17:00,NORMAL,3.92,PENDING
ORD00944,CUST00179,LOC0034,Gated Apartment,Apt-034,13.023313,80.242978,Normal-Item-37,Normal,2.96,4.32,False,Ambient,,2025-01-06 10:36:00,2025-01-06 08:42:00,2025-01-06 10:45:00,2025-01-06 14:19:00,NORMAL,3.66,PENDING
ORD00945,CUST00051,LOC0006,Gated Apartment,Apt-006,13.079009,80.299501,Normal-Item-43,Normal,0.78,6.16,False,Ambient,,2025-01-06 11:50:00,2025-01-06 11:24:00,2025-01-06 12:07:00,2025-01-06 15:43:00,NORMAL,5.31,PENDING
ORD00946,CUST00244,LOC0024,Office Complex,Office-024,13.070174,80.297283,Frozen-Item-9,Frozen,1.37,6.23,False,Frozen,,2025-01-06 08:43:00,2025-01-06 08:25:00,2025-01-06 08:51:00,2025-01-06 11:07:00,LOW,2.49,PENDING
ORD00947,CUST00483,LOC0026,Office Complex,Office-026,13.007694,80.274455,Chemical-Item-30,Chemical,3.08,5.26,False,Ambient,,2025-01-06 11:22:00,2025-01-06 11:12:00,2025-01-06 11:38:00,2025-01-06 12:32:00,URGENT,6.17,PENDING
ORD00948,CUST00029,LOC0035,Gated Apartment,Apt-035,13.031852,80.226115,Frozen-Item-4,Frozen,1.11,4.75,False,Frozen,,2025-01-06 10:11:00,2025-01-06 09:59:00,2025-01-06 10:17:00,2025-01-06 12:17:00,NORMAL,5.92,PENDING
ORD00949,CUST00261,LOC0016,Gated Apartment,Apt-016,13.009615,80.298402,Hot Food-Item-46,Hot Food,1.53,9.9,False,Hot,,2025-01-06 10:15:00,2025-01-06 10:09:00,2025-01-06 10:25:00,2025-01-06 13:43:00,NORMAL,6.35,PENDING
ORD00950,CUST00278,LOC0027,Gated Apartment,Apt-027,13.032646,80.276393,Fragile-Item-31,Fragile,0.65,14.86,True,Ambient,,2025-01-06 12:00:00,2025-01-06 10:08:00,2025-01-06 12:19:00,2025-01-06 14:44:00,NORMAL,3.55,PENDING
ORD00951,CUST00307,LOC0039,Gated Apartment,Apt-039,13.010203,80.276351,Normal-Item-20,Normal,1.24,8.55,True,Ambient,,2025-01-06 10:08:00,2025-01-06 09:41:00,2025-01-06 10:18:00,2025-01-06 12:31:00,LOW,5.13,PENDING
ORD00952,CUST00287,LOC0040,Gated Apartment,Apt-040,13.050423,80.298853,Normal-Item-15,Normal,3.63,8.11,False,Ambient,,2025-01-06 12:14:00,2025-01-06 11:50:00,2025-01-06 12:23:00,2025-01-06 13:26:00,URGENT,5.23,PENDING
ORD00953,CUST00066,LOC0040,Gated Apartment,Apt-040,13.050083,80.298203,Hot Food-Item-3,Hot Food,2.86,3.7,False,Hot,,2025-01-06 08:42:00,2025-01-06 08:39:00,2025-01-06 08:47:00,2025-01-06 09:49:00,LOW,5.33,PENDING
ORD00954,CUST00158,LOC0010,Gated Apartment,Apt-010,13.029307,80.233259,Frozen-Item-24,Frozen,4.12,12.37,False,Frozen,,2025-01-06 12:13:00,2025-01-06 11:59:00,2025-01-06 12:19:00,2025-01-06 14:52:00,NORMAL,2.83,PENDING
ORD00955,CUST00355,LOC0038,Office Complex,Office-038,13.032338,80.284903,Fragile-Item-8,Fragile,3.76,11.18,True,Ambient,,2025-01-06 10:43:00,2025-01-06 10:26:00,2025-01-06 10:52:00,2025-01-06 12:38:00,LOW,5.94,PENDING
ORD00956,CUST00065,LOC0008,Gated Apartment,Apt-008,13.062079,80.24781,Fragile-Item-2,Fragile,3.98,12.35,True,Ambient,,2025-01-06 10:38:00,2025-01-06 10:27:00,2025-01-06 10:44:00,2025-01-06 11:34:00,URGENT,2.67,PENDING
ORD00957,CUST00095,LOC0039,Gated Apartment,Apt-039,13.010746,80.276443,Fragile-Item-26,Fragile,1.63,10.9,True,Ambient,,2025-01-06 09:07:00,2025-01-06 08:40:00,2025-01-06 09:12:00,2025-01-06 13:08:00,HIGH,3.49,PENDING
ORD00958,CUST00374,LOC0010,Gated Apartment,Apt-010,13.031098,80.233478,Normal-Item-10,Normal,4.39,5.06,False,Ambient,,2025-01-06 12:03:00,2025-01-06 10:24:00,2025-01-06 12:16:00,2025-01-06 15:01:00,HIGH,2.72,PENDING
ORD00959,CUST00374,LOC0021,Office Complex,Office-021,13.057165,80.285851,Heavy-Item-39,Heavy,7.37,27.83,False,Ambient,,2025-01-06 09:38:00,2025-01-06 09:32:00,2025-01-06 09:44:00,2025-01-06 12:57:00,NORMAL,5.82,PENDING
ORD00960,CUST00014,LOC0027,Gated Apartment,Apt-027,13.031539,80.275288,Normal-Item-32,Normal,4.55,8.16,False,Ambient,,2025-01-06 09:48:00,2025-01-06 09:34:00,2025-01-06 10:03:00,2025-01-06 12:54:00,LOW,6.25,PENDING
ORD00961,CUST00445,LOC0021,Office Complex,Office-021,13.056896,80.287113,Frozen-Item-20,Frozen,3.77,13.63,False,Frozen,,2025-01-06 10:54:00,2025-01-06 10:31:00,2025-01-06 11:01:00,2025-01-06 13:58:00,NORMAL,2.42,PENDING
ORD00962,CUST00349,LOC0018,Gated Apartment,Apt-018,12.996293,80.276998,Normal-Item-18,Normal,2.28,6.56,False,Ambient,,2025-01-06 11:55:00,2025-01-06 11:46:00,2025-01-06 12:00:00,2025-01-06 15:12:00,NORMAL,3.51,PENDING
ORD00963,CUST00492,LOC0013,Gated Apartment,Apt-013,13.048003,80.298079,Fragile-Item-26,Fragile,3.57,10.54,True,Ambient,,2025-01-06 10:43:00,2025-01-06 10:25:00,2025-01-06 11:00:00,2025-01-06 13:15:00,NORMAL,5.25,PENDING
ORD00964,CUST00127,LOC0029,Gated Apartment,Apt-029,13.003741,80.2233,Fragile-Item-3,Fragile,1.33,7.24,True,Ambient,,2025-01-06 09:30:00,2025-01-06 09:11:00,2025-01-06 09:39:00,2025-01-06 12:48:00,NORMAL,4.86,PENDING
ORD00965,CUST00154,LOC0013,Gated Apartment,Apt-013,13.048724,80.299259,Normal-Item-35,Normal,3.93,3.15,False,Ambient,,2025-01-06 10:38:00,2025-01-06 10:25:00,2025-01-06 10:43:00,2025-01-06 11:41:00,URGENT,4.74,PENDING
ORD00966,CUST00018,LOC0029,Gated Apartment,Apt-029,13.004175,80.222873,Heavy-Item-42,Heavy,12.03,25.32,False,Ambient,,2025-01-06 11:17:00,2025-01-06 11:01:00,2025-01-06 11:25:00,2025-01-06 15:24:00,LOW,3.37,PENDING
ORD00967,CUST00403,LOC0006,Gated Apartment,Apt-006,13.077832,80.300514,Heavy-Item-43,Heavy,9.71,15.18,False,Ambient,,2025-01-06 11:50:00,2025-01-06 09:22:00,2025-01-06 12:01:00,2025-01-06 15:55:00,NORMAL,3.67,PENDING
ORD00968,CUST00292,LOC0005,Gated Apartment,Apt-005,12.998428,80.304251,Fragile-Item-24,Fragile,3.02,14.16,True,Ambient,,2025-01-06 12:04:00,2025-01-06 10:01:00,2025-01-06 12:14:00,2025-01-06 15:56:00,NORMAL,4.21,PENDING
ORD00969,CUST00220,LOC0021,Office Complex,Office-021,13.058839,80.286927,Fragile-Item-41,Fragile,3.7,9.75,True,Ambient,,2025-01-06 08:51:00,2025-01-06 08:44:00,2025-01-06 09:08:00,2025-01-06 12:44:00,LOW,2.71,PENDING
ORD00970,CUST00421,LOC0037,Office Complex,Office-037,13.002915,80.2491,Normal-Item-10,Normal,2.3,10.94,False,Ambient,,2025-01-06 09:40:00,2025-01-06 09:24:00,2025-01-06 09:47:00,2025-01-06 13:16:00,NORMAL,5.13,PENDING
ORD00971,CUST00240,LOC0021,Office Complex,Office-021,13.058253,80.286929,Fragile-Item-23,Fragile,3.97,18.5,True,Ambient,,2025-01-06 10:27:00,2025-01-06 10:00:00,2025-01-06 10:34:00,2025-01-06 13:42:00,LOW,2.77,PENDING
ORD00972,CUST00270,LOC0014,Gated Apartment,Apt-014,13.064416,80.287307,Normal-Item-23,Normal,2.93,5.34,False,Ambient,,2025-01-06 10:34:00,2025-01-06 10:14:00,2025-01-06 10:40:00,2025-01-06 11:53:00,URGENT,3.85,PENDING
ORD00973,CUST00377,LOC0016,Gated Apartment,Apt-016,13.00998,80.299265,Normal-Item-39,Normal,4.41,3.02,False,Ambient,,2025-01-06 11:04:00,2025-01-06 10:41:00,2025-01-06 11:09:00,2025-01-06 14:15:00,NORMAL,4.28,PENDING
ORD00974,CUST00220,LOC0027,Gated Apartment,Apt-027,13.032566,80.276494,Fragile-Item-21,Fragile,1.89,9.87,True,Ambient,,2025-01-06 09:06:00,2025-01-06 08:45:00,2025-01-06 09:11:00,2025-01-06 12:12:00,NORMAL,5.43,PENDING
ORD00975,CUST00473,LOC0024,Office Complex,Office-024,13.070016,80.296771,Hot Food-Item-48,Hot Food,2.42,5.4,False,Hot,,2025-01-06 10:48:00,2025-01-06 10:46:00,2025-01-06 10:53:00,2025-01-06 12:19:00,LOW,4.01,PENDING
ORD00976,CUST00307,LOC0037,Office Complex,Office-037,13.00285,80.249758,Hot Food-Item-42,Hot Food,2.93,7.4,False,Hot,,2025-01-06 09:06:00,2025-01-06 08:54:00,2025-01-06 09:19:00,2025-01-06 11:27:00,LOW,4.18,PENDING
ORD00977,CUST00471,LOC0020,Office Complex,Office-020,13.047058,80.232281,Normal-Item-8,Normal,4.06,10.2,False,Ambient,,2025-01-06 11:59:00,2025-01-06 10:47:00,2025-01-06 12:10:00,2025-01-06 14:54:00,LOW,6.37,PENDING
ORD00978,CUST00420,LOC0011,Gated Apartment,Apt-011,13.023428,80.240602,Hot Food-Item-18,Hot Food,2.25,9.84,False,Hot,,2025-01-06 09:57:00,2025-01-06 09:54:00,2025-01-06 10:03:00,2025-01-06 11:24:00,NORMAL,4.51,PENDING
ORD00979,CUST00416,LOC0025,Office Complex,Office-025,13.059747,80.283045,Fragile-Item-20,Fragile,1.37,12.0,True,Ambient,,2025-01-06 09:33:00,2025-01-06 09:05:00,2025-01-06 09:48:00,2025-01-06 11:13:00,NORMAL,5.93,PENDING
ORD00980,CUST00042,LOC0026,Office Complex,Office-026,13.00776,80.275323,Hot Food-Item-13,Hot Food,1.62,8.51,False,Hot,,2025-01-06 11:15:00,2025-01-06 10:51:00,2025-01-06 11:27:00,2025-01-06 13:58:00,NORMAL,5.16,PENDING
ORD00981,CUST00291,LOC0014,Gated Apartment,Apt-014,13.063459,80.286185,Normal-Item-9,Normal,2.75,9.3,False,Ambient,,2025-01-06 10:17:00,2025-01-06 10:13:00,2025-01-06 10:27:00,2025-01-06 13:50:00,NORMAL,5.09,PENDING
ORD00982,CUST00396,LOC0034,Gated Apartment,Apt-034,13.02375,80.242886,Normal-Item-15,Normal,2.89,10.28,False,Ambient,,2025-01-06 10:35:00,2025-01-06 10:09:00,2025-01-06 10:50:00,2025-01-06 14:41:00,LOW,2.21,PENDING
ORD00983,CUST00191,LOC0022,Office Complex,Office-022,13.020617,80.267861,Normal-Item-23,Normal,0.57,7.18,False,Ambient,,2025-01-06 13:39:00,2025-01-06 11:19:00,2025-01-06 13:45:00,2025-01-06 16:44:00,NORMAL,3.97,PENDING
ORD00984,CUST00192,LOC0031,Gated Apartment,Apt-031,13.057257,80.241448,Heavy-Item-29,Heavy,12.69,29.39,False,Ambient,,2025-01-06 11:15:00,2025-01-06 11:00:00,2025-01-06 11:34:00,2025-01-06 13:51:00,NORMAL,3.93,PENDING
ORD00985,CUST00016,LOC0035,Gated Apartment,Apt-035,13.032626,80.225987,Normal-Item-38,Normal,0.34,2.84,False,Ambient,,2025-01-06 10:59:00,2025-01-06 10:49:00,2025-01-06 11:11:00,2025-01-06 14:08:00,LOW,3.71,PENDING
ORD00986,CUST00077,LOC0037,Office Complex,Office-037,13.002352,80.248984,Fragile-Item-35,Fragile,0.82,8.63,True,Ambient,,2025-01-06 10:21:00,2025-01-06 09:54:00,2025-01-06 10:30:00,2025-01-06 13:57:00,NORMAL,3.73,PENDING
ORD00987,CUST00200,LOC0021,Office Complex,Office-021,13.05839,80.287075,Normal-Item-41,Normal,2.2,2.63,False,Ambient,,2025-01-06 12:12:00,2025-01-06 09:59:00,2025-01-06 12:27:00,2025-01-06 14:44:00,NORMAL,4.46,PENDING
ORD00988,CUST00236,LOC0014,Gated Apartment,Apt-014,13.064044,80.286788,Fragile-Item-48,Fragile,3.66,9.35,True,Ambient,,2025-01-06 09:47:00,2025-01-06 09:21:00,2025-01-06 09:55:00,2025-01-06 13:16:00,NORMAL,4.69,PENDING
ORD00989,CUST00137,LOC0014,Gated Apartment,Apt-014,13.063497,80.285803,Normal-Item-46,Normal,3.32,9.92,False,Ambient,,2025-01-06 10:06:00,2025-01-06 10:01:00,2025-01-06 10:16:00,2025-01-06 13:14:00,NORMAL,4.01,PENDING
ORD00990,CUST00301,LOC0017,Gated Apartment,Apt-017,13.039427,80.265763,Frozen-Item-37,Frozen,4.72,13.37,False,Frozen,,2025-01-06 12:23:00,2025-01-06 11:55:00,2025-01-06 12:35:00,2025-01-06 13:56:00,LOW,3.65,PENDING
ORD00991,CUST00244,LOC0010,Gated Apartment,Apt-010,13.029927,80.234536,Normal-Item-8,Normal,3.2,7.57,False,Ambient,,2025-01-06 11:46:00,2025-01-06 11:21:00,2025-01-06 11:59:00,2025-01-06 13:01:00,NORMAL,5.77,PENDING
ORD00992,CUST00262,LOC0037,Office Complex,Office-037,13.000892,80.249728,Normal-Item-10,Normal,1.84,6.37,False,Ambient,,2025-01-06 13:52:00,2025-01-06 11:40:00,2025-01-06 14:03:00,2025-01-06 17:48:00,NORMAL,5.5,PENDING
ORD00993,CUST00379,LOC0009,Gated Apartment,Apt-009,13.002022,80.287269,Fragile-Item-12,Fragile,3.7,18.11,True,Ambient,,2025-01-06 10:30:00,2025-01-06 10:23:00,2025-01-06 10:48:00,2025-01-06 11:57:00,URGENT,6.35,PENDING
ORD00994,CUST00268,LOC0032,Gated Apartment,Apt-032,13.077916,80.261201,Fragile-Item-16,Fragile,0.8,9.02,True,Ambient,,2025-01-06 10:40:00,2025-01-06 10:29:00,2025-01-06 10:57:00,2025-01-06 12:19:00,NORMAL,3.92,PENDING
ORD00995,CUST00099,LOC0002,Gated Apartment,Apt-002,13.028739,80.303233,Chemical-Item-47,Chemical,1.1,5.26,False,Ambient,,2025-01-06 10:05:00,2025-01-06 09:41:00,2025-01-06 10:23:00,2025-01-06 12:42:00,NORMAL,4.01,PENDING
ORD00996,CUST00029,LOC0001,Office Complex,Office-001,13.060799,80.263779,Normal-Item-12,Normal,0.61,10.2,False,Ambient,,2025-01-06 10:58:00,2025-01-06 10:47:00,2025-01-06 11:07:00,2025-01-06 12:47:00,NORMAL,5.32,PENDING
ORD00997,CUST00346,LOC0002,Gated Apartment,Apt-002,13.030345,80.303232,Chemical-Item-10,Chemical,1.02,6.58,False,Ambient,,2025-01-06 12:06:00,2025-01-06 11:37:00,2025-01-06 12:19:00,2025-01-06 13:31:00,NORMAL,4.79,PENDING
ORD00998,CUST00095,LOC0022,Office Complex,Office-022,13.022778,80.267034,Hot Food-Item-9,Hot Food,2.5,9.18,False,Hot,,2025-01-06 09:01:00,2025-01-06 08:48:00,2025-01-06 09:20:00,2025-01-06 12:29:00,NORMAL,4.03,PENDING
ORD00999,CUST00213,LOC0039,Gated Apartment,Apt-039,13.010364,80.276413,Fragile-Item-39,Fragile,0.85,10.09,True,Ambient,,2025-01-06 08:50:00,2025-01-06 08:37:00,2025-01-06 09:08:00,2025-01-06 11:46:00,NORMAL,5.98,PENDING
ORD01000,CUST00473,LOC0004,Gated Apartment,Apt-004,13.053168,80.251491,Fragile-Item-19,Fragile,3.85,14.85,True,Ambient,,2025-01-06 09:39:00,2025-01-06 09:20:00,2025-01-06 09:55:00,2025-01-06 12:12:00,NORMAL,3.9,PENDING
